-- phpMyAdmin SQL Dump
-- version 5.1.1
-- https://www.phpmyadmin.net/
--
-- Hôte : 127.0.0.1:3306
-- Généré le : mer. 14 sep. 2022 à 15:19
-- Version du serveur : 5.7.36
-- Version de PHP : 7.4.26

SET SQL_MODE = "NO_AUTO_VALUE_ON_ZERO";
START TRANSACTION;
SET time_zone = "+00:00";


/*!40101 SET @OLD_CHARACTER_SET_CLIENT=@@CHARACTER_SET_CLIENT */;
/*!40101 SET @OLD_CHARACTER_SET_RESULTS=@@CHARACTER_SET_RESULTS */;
/*!40101 SET @OLD_COLLATION_CONNECTION=@@COLLATION_CONNECTION */;
/*!40101 SET NAMES utf8mb4 */;

--
-- Base de données : `lapieceunique`
--

-- --------------------------------------------------------

--
-- Structure de la table `articles`
--

DROP TABLE IF EXISTS `articles`;
CREATE TABLE IF NOT EXISTS `articles` (
  `id_articles` int(11) NOT NULL AUTO_INCREMENT,
  `nom_articles` varchar(255) NOT NULL,
  `description_articles` varchar(255) NOT NULL,
  `prix_articles` float NOT NULL,
  `cbp_articles` varchar(50) DEFAULT NULL,
  `quantite_articles` int(11) NOT NULL DEFAULT '1',
  `hauteur_articles` int(50) DEFAULT NULL,
  `largeur_articles` int(50) DEFAULT NULL,
  `id_categories` int(11) DEFAULT NULL,
  `id_genres` int(11) DEFAULT NULL,
  `id_sous_categories` int(11) DEFAULT NULL,
  `id_occasion` int(11) NOT NULL,
  PRIMARY KEY (`id_articles`),
  KEY `articles_categories_FK` (`id_categories`),
  KEY `articles_genres0_FK` (`id_genres`),
  KEY `articles_sous_categories1_FK` (`id_sous_categories`),
  KEY `id_occasion` (`id_occasion`)
) ENGINE=InnoDB AUTO_INCREMENT=342 DEFAULT CHARSET=utf8;

--
-- Déchargement des données de la table `articles`
--

INSERT INTO `articles` (`id_articles`, `nom_articles`, `description_articles`, `prix_articles`, `cbp_articles`, `quantite_articles`, `hauteur_articles`, `largeur_articles`, `id_categories`, `id_genres`, `id_sous_categories`, `id_occasion`) VALUES
(1, 'ÇA - Portrait Pennywise - Poster roulé filmé (91.5x61)', 'T-shirt à pois rouge en polyester biodégrafable', 80, '2645003022963', 1, 90, 50, 1, 1, 6, 0),
(2, 'ÇA - Pennywise - Poster roulé filmé (91.5x61)', 'T-shirt sans manche bleu biopasdégradable en coton sans animaux', 30, NULL, 1, 0, 0, 1, 2, 1, 0),
(3, 'VENDREDI 13 - Tirage encadré \"Film\" x2', 'T-shirt jaune bio degradable lorem ipsum', 24, NULL, 1, 0, 0, 1, 2, 1, 0),
(4, 'LEXORCISTE - Tirage encadré \"Affiche du Film\" x2 ', 'Jean noir biodégradable en polyester coton 100% naturel', 60, NULL, 1, 0, 0, 2, 1, 5, 0),
(5, 'JUJUTSU KAISEN - Poster \"Artwork\" roulé filmé (91.5x61)\" roulé filmé (91.5x61)*', 'T shirt lacoste made in france 100% coton', 60, NULL, 1, 0, 0, 1, 1, 1, 0),
(6, 'JUJUTSU KAISEN - Set 2 Chibi Posters - Groupe et...', 'Pull eden park bleu 100% coton bio', 90, NULL, 1, 0, 0, 1, 1, 2, 0),
(7, 'TOILET-BOUND HANAKO-KUN - Poster « Académie Kamome »...', 'Veste en polyester 100% rouge et bleu ', 80, NULL, 1, 0, 0, 1, 1, 3, 0),
(8, 'AC/DC - Poster « Back in Black 80 » (91.5x61)', 'Jogging lacoste vert 100% polyester', 60, NULL, 1, 0, 0, 2, 1, 4, 0),
(9, 'AC/DC - Poster « PWR UP » (91.5x61)', 'Cargo zara 98% coton et 2% polyester', 24, NULL, 1, 0, 0, 2, 1, 6, 0),
(10, 'PEAKY BLINDERS - Cartes - Poster roulé filmé (91.5x61)', 'Pull bleu 100% coton', 12, NULL, 1, 0, 0, 1, 2, 2, 0),
(11, 'PEAKY BLINDERS - Portrait de Tommy - Poster roulé...', 'Veste 100% coton en jean bio', 55, NULL, 1, 0, 0, 1, 2, 3, 0),
(12, 'JURASSIC WORLD - Tirage encadré \"Raptor\" x2', 'Joggings 100% coton bio', 43, NULL, 1, 0, 0, 2, 2, 4, 0),
(13, 'APEX LEGENDS - Tirage encadré \"Squad Up\" x2', 'Jean bleu levis femme 100% coton', 98, NULL, 1, 0, 0, 2, 2, 5, 0),
(14, 'G2 ESPORTS - Poster « G2ARMY » roulé filmé (91.5x61)', 'Cargo femme jaune 100% polyester et 200% coton', 25, NULL, 1, 0, 0, 2, 2, 6, 0),
(15, 'NARUTO SHIPPUDEN - Poster \"Anniversaire 20 ans\"...', 'dfzdfzf ', 230, NULL, 1, 0, 0, 3, 2, 7, 0),
(16, 'JURASSIC PARK - Poster «Bienvenue» roulé filmé...', 'Boots marron femme 100% cuir de chienchilla', 50, NULL, 1, 0, 0, 3, 2, 8, 0),
(17, 'JURASSIC WORLD - Poster «Cinema» roulé filmé (91.5x61)', 'Chaussure à talon sans talon pour la ville 100% je sais pas quoi', 54, NULL, 1, 0, 0, 3, 2, 9, 0),
(18, 'JURASSIC WORLD - Poster «World» roulé filmé (91.5x61)', 'T shirt lacoste bleu 100% coton ', 54, NULL, 1, 0, 0, 1, 3, 1, 0),
(19, 'ATTACK ON TITAN - Key Art S2 - Poster roulé filmé... ', 'pull spécial anti matthieu', 99, NULL, 1, 0, 0, 1, 3, 2, 0),
(20, 'DEATH NOTE - Duo - Poster roulé filmé (91.5x61)', 'Veste 100% carton', 44, NULL, 1, 0, 0, 1, 3, 3, 0),
(21, 'CHI - Poster « Le rêve de Chi » roulé filmé (91.5x61)', 'Jogging 100% décapotable', 22, NULL, 1, 0, 0, 2, 3, 4, 0),
(22, 'RETOUR VERS LE FUTUR - Poster «Affiche film 2» roulé...', 'jean 100% jean pour gosse', 34, NULL, 1, 0, 0, 2, 3, 5, 0),
(23, 'RETOUR VERS LE FUTUR - Poster DeLorean volante roulé...', 'cargo bleu 100% étanche', 44, NULL, 1, 0, 0, 2, 3, 6, 0),
(24, 'RICK AND MORTY - Rick Cornichon - Poster roulé filmé...', 'Basket pour courir plus vite 100% vent', 33, NULL, 1, 0, 0, 3, 3, 7, 0),
(25, 'QUEEN - Tirage encadré \"Groupe\" x2', 'Boots 100% étanche', 23, NULL, 1, 0, 0, 3, 3, 8, 0),
(26, 'QUEEN - Tirage encadré \"Wembley\" x2 ', 'Chassure pour ne pas se perdre en ville', 33, NULL, 1, 0, 0, 3, 3, 9, 0),
(27, 'AC/DC - Tirage encadré \"For Those About to Rock\" x2', 'basket pour courir un peu plus vite ', 33, NULL, 1, 0, 0, 3, 1, 7, 0),
(28, 'AC/DC - Tirage encadré \"Highway to Hell\" x2', 'Boots 100% cuir de chaton', 55, NULL, 1, 0, 0, 3, 1, 8, 0),
(29, 'BT21 - Tirage encadré \"Compilation\" x2', 'Chaussure pour avoir la classe a dallas ', 21, NULL, 1, 0, 0, 3, 1, 9, 0),
(30, 'dragon-ball-tirage-encadre-goku-x2', 'Chaussure pour avoir la classe a dallas ', 21, NULL, 1, 0, 0, 3, 1, 9, 0),
(31, 'ONE PIECE - Tirage encadré \"Straw Hat Crew\" x2', 'Chaussure pour avoir la classe a dallas ', 21, NULL, 1, 0, 0, 3, 1, 9, 0),
(32, 'BT21 - Tirage encadré \"Pile de Personnages\" x2', 'Chaussure pour avoir la classe a dallas ', 21, NULL, 1, 0, 0, 3, 1, 9, 0),
(33, 'FRIENDS - Tirage encadré \"Central Perk\" x2', 'Chaussure pour avoir la classe a dallas ', 21, NULL, 1, 0, 0, 3, 1, 9, 0),
(34, 'FRIENDS - Tirage encadré \"Sur la Poutre\" x2', 'Chaussure pour avoir la classe a dallas ', 21, NULL, 1, 0, 0, 3, 1, 9, 0),
(35, 'DRAGON BALL - Tirage encadré \"Dragon Balls\" x2', 'Chaussure pour avoir la classe a dallas ', 21, NULL, 1, 0, 0, 3, 1, 9, 0),
(36, 'DEATH NOTE - Tirage encadré \"Light, L and Misa\" x2', 'Chaussure pour avoir la classe a dallas ', 21, NULL, 1, 0, 0, 3, 1, 9, 0),
(37, 'DRAGON BALL - Tirage encadré \"Vegeta\" x2', 'Chaussure pour avoir la classe a dallas ', 21, NULL, 1, 0, 0, 3, 1, 9, 0),
(38, 'E.T. - Poster «Vaisseau» roulé filmé (91.5x61)', 'Chaussure pour avoir la classe a dallas ', 21, NULL, 1, 0, 0, 3, 1, 9, 0),
(39, 'E.T. - Poster «Affiche film» roulé filmé (91.5x61)', 'Chaussure pour avoir la classe a dallas ', 21, NULL, 1, 0, 0, 3, 1, 9, 0),
(40, 'E.T. - Tirage encadré \"Lune\" x2', 'Chaussure pour avoir la classe a dallas ', 21, NULL, 1, 0, 0, 3, 1, 9, 0),
(41, 'DIABLO - Poster \"Diablo II Resurrected\" roulé filmé...', 'Chaussure pour avoir la classe a dallas ', 21, NULL, 1, 0, 0, 3, 1, 9, 0),
(42, 'DIABLO - Poster \"Diablo\" roulé filmé (91.5x61)', 'Chaussure pour avoir la classe a dallas ', 21, NULL, 1, 0, 0, 3, 1, 9, 0),
(43, 'MINIONS - Poster «Groovy!» roulé filmé (91.5x61)', 'Chaussure pour avoir la classe a dallas ', 21, NULL, 1, 0, 0, 3, 1, 9, 0),
(44, 'GRENDIZER - Poster \"Goldorak & Astéro-haches\" roulé...', 'Chaussure pour avoir la classe a dallas ', 21, NULL, 1, 0, 0, 3, 1, 9, 0),
(45, 'DEMON SLAYER - Poster « Piliers» roulé filmé (91.5x61)', 'Chaussure pour avoir la classe a dallas ', 21, NULL, 1, 0, 0, 3, 1, 9, 0),
(46, 'GRENDIZER - Poster \"Goldorak vs Giru Giru\" roulé...', 'Chaussure pour avoir la classe a dallas ', 21, NULL, 1, 0, 0, 3, 1, 9, 0),
(47, 'BORUTO - Poster « Boruto & Naruto» roulé filmé...', 'Chaussure pour avoir la classe a dallas ', 21, NULL, 1, 0, 0, 3, 1, 9, 0),
(48, 'YU YU HAKUSHO - Poster \"Groupe\" roulé filmé (91.5x61)', 'Chaussure pour avoir la classe a dallas ', 21, NULL, 1, 0, 0, 3, 1, 9, 0),
(49, 'POKEMON - Poster \"Sinnoh Pokémon Allemand\" roulé...', 'Chaussure pour avoir la classe a dallas ', 21, NULL, 1, 0, 0, 3, 1, 9, 0),
(50, 'POKEMON - Favoris de tous les temps - Poster roulé...', 'Chaussure pour avoir la classe a dallas ', 21, NULL, 1, 0, 0, 3, 1, 9, 0),
(51, 'POKEMON - Poster \"Sinnoh Pokémon Français\" roulé...', 'Chaussure pour avoir la classe a dallas ', 21, NULL, 1, 0, 0, 3, 1, 9, 0),
(52, 'POKEMON - Poster \"Hoenn Pokémon Anglais\" roulé filmé...', 'Chaussure pour avoir la classe a dallas ', 21, NULL, 1, 0, 0, 3, 1, 9, 0),
(53, 'POKEMON - Poster \"Hoenn Pokémon Allemand\" roulé...', 'Chaussure pour avoir la classe a dallas ', 21, NULL, 1, 0, 0, 3, 1, 9, 0),
(54, 'POKEMON - Poster \"Hoenn Pokémon Français\" roulé...', 'Chaussure pour avoir la classe a dallas ', 21, NULL, 1, 0, 0, 3, 1, 9, 0),
(55, 'POKEMON - Poster \"Sinnoh Pokémon Anglais\" roulé...', 'Chaussure pour avoir la classe a dallas ', 21, NULL, 1, 0, 0, 3, 1, 9, 0),
(56, 'DRAGON BALL - Poster \"Shenron\" (52x38)', 'Chaussure pour avoir la classe a dallas ', 21, NULL, 1, 0, 0, 3, 1, 9, 0),
(57, 'BORUTO - Poster \"Konoha vs. Kara\" (52x38)', 'Chaussure pour avoir la classe a dallas ', 21, NULL, 1, 0, 0, 3, 1, 9, 0),
(58, 'JUNJI ITO - Poster \"Souichi\" (52x38)', 'Chaussure pour avoir la classe a dallas ', 21, NULL, 1, 0, 0, 3, 1, 9, 0),
(59, 'SLIME - Poster \"Personnages Chibi\" (52x38)', 'Chaussure pour avoir la classe a dallas ', 21, NULL, 1, 0, 0, 3, 1, 9, 0),
(60, 'JURASSIC PARK - Set 2 Chibi Posters - Portes et...', 'Chaussure pour avoir la classe a dallas ', 21, NULL, 1, 0, 0, 3, 1, 9, 0),
(61, 'DEATH NOTE - Tirage encadré \"Death Note\" x2', 'Chaussure pour avoir la classe a dallas ', 21, NULL, 1, 0, 0, 3, 1, 9, 0),
(62, 'CRASH BANDICOOT - It s about time - Poster roulé...', 'Chaussure pour avoir la classe a dallas ', 21, NULL, 1, 0, 0, 3, 1, 9, 0),
(63, 'HATSUNE MIKU - Ecran - Poster roulé filmé (91.5x61)', 'Chaussure pour avoir la classe a dallas ', 21, NULL, 1, 0, 0, 3, 1, 9, 0),
(64, 'MINECRAFT - Tourbillons - Poster roulé filmé (91.5x61)CORPSE BRIDE - Poster « Victor & Emily » roulé filmé...', 'Chaussure pour avoir la classe a dallas ', 21, NULL, 1, 0, 0, 3, 1, 9, 0),
(65, 'G2 ESPORTS - Poster « Samouraï » roulé filmé (91.5x61)', 'Chaussure pour avoir la classe a dallas ', 21, NULL, 1, 0, 0, 3, 1, 9, 0),
(66, 'DC COMICS - Poster « DC Comics Rebirth » (91.5x61)', 'Chaussure pour avoir la classe a dallas ', 21, NULL, 1, 0, 0, 3, 1, 9, 0),
(67, 'YU YU HAKUSHO - Poster \"Photo de groupe\" (52x38)', 'Chaussure pour avoir la classe a dallas ', 21, NULL, 1, 0, 0, 3, 1, 9, 0),
(68, 'YU YU HAKUSHO - Poster \"Groupe de Yusuke\" (52x38)', 'Chaussure pour avoir la classe a dallas ', 21, NULL, 1, 0, 0, 3, 1, 9, 0),
(69, 'YU YU HAKUSHO - Set 2 Chibi Posters - Yusuke et son...', 'Chaussure pour avoir la classe a dallas ', 21, NULL, 1, 0, 0, 3, 1, 9, 0),
(70, 'MINIONS - Poster «Il était une fois Gru» roulé filmé...', 'Chaussure pour avoir la classe a dallas ', 21, NULL, 1, 0, 0, 3, 1, 9, 0),
(71, 'THE SHIELD HERO - Set 2 Chibi Posters - Groupe & Duo...', 'Chaussure pour avoir la classe a dallas ', 21, NULL, 1, 0, 0, 3, 1, 9, 0),
(72, 'DEATH NOTE - Set 2 Chibi Posters - Light & Death...', 'Chaussure pour avoir la classe a dallas ', 21, NULL, 1, 0, 0, 3, 1, 9, 0),
(73, 'TOILET-BOUND HANAKO-KUN - Poster \"Académie Kamome\"...', 'Chaussure pour avoir la classe a dallas ', 21, NULL, 1, 0, 0, 3, 1, 9, 0),
(74, 'ATTACK ON TITAN - Poster \"Paradis vs Mahr\" (52x38)', 'Chaussure pour avoir la classe a dallas ', 21, NULL, 1, 0, 0, 3, 1, 9, 0),
(75, 'ONE PUNCH MAN - Poster \"Saitama vs Monstres\" (52x38)', 'Chaussure pour avoir la classe a dallas ', 21, NULL, 1, 0, 0, 3, 1, 9, 0),
(76, 'SONIC - Poster « Groupe » (91.5x61)', 'Chaussure pour avoir la classe a dallas ', 21, NULL, 1, 0, 0, 3, 1, 9, 0),
(77, 'ATTACK ON TITAN - Poster \"S4 key art\" roulé filmé...', 'Chaussure pour avoir la classe a dallas ', 21, NULL, 1, 0, 0, 3, 1, 9, 0),
(78, 'THE SEVEN DEADLY SINS : S3 - Poster Meliodas & Sins...', 'Chaussure pour avoir la classe a dallas ', 21, NULL, 1, 0, 0, 3, 1, 9, 0),
(79, 'AVATAR - Poster « Maîtrise des éléments » roulé...', 'Chaussure pour avoir la classe a dallas ', 21, NULL, 1, 0, 0, 3, 1, 9, 0),
(80, 'JUJUTSU KAISEN - Poster \"Itadori & Sukuna\" roulé...', 'Chaussure pour avoir la classe a dallas ', 21, NULL, 1, 0, 0, 3, 1, 9, 0),
(81, 'APEX LEGENDS - Group Shot - Poster roulé filmé...', 'Chaussure pour avoir la classe a dallas ', 21, NULL, 1, 0, 0, 3, 1, 9, 0),
(82, 'FANTASTIC BEASTS - Poster « Affiche Film » roulé...', 'Chaussure pour avoir la classe a dallas ', 21, NULL, 1, 0, 0, 3, 1, 9, 0),
(83, 'FANTASTIC BEASTS - Poster « Dumbledore vs...', 'Chaussure pour avoir la classe a dallas ', 21, NULL, 1, 0, 0, 3, 1, 9, 0),
(84, 'FANTASTIC BEASTS - Poster « Casting » roulé filmé...', 'Chaussure pour avoir la classe a dallas ', 21, NULL, 1, 0, 0, 3, 1, 9, 0),
(85, 'FANTASTIC BEASTS - Poster « Niffleur Pickett » roulé...', 'Chaussure pour avoir la classe a dallas ', 21, NULL, 1, 0, 0, 3, 1, 9, 0),
(86, 'JURASSIC WORLD - Poster «Back Country» roulé filmé...', 'Chaussure pour avoir la classe a dallas ', 21, NULL, 1, 0, 0, 3, 1, 9, 0),
(87, 'ONE PIECE - Poster \"1000 logs Combat Final\" roulé...', 'Chaussure pour avoir la classe a dallas ', 21, NULL, 1, 0, 0, 3, 1, 9, 0),
(88, 'AVATAR - Set 2 Chibi Posters - Appa & Carte (52x38) x4', 'Chaussure pour avoir la classe a dallas ', 21, NULL, 1, 0, 0, 3, 1, 9, 0),
(89, 'JUNJI ITO - Set 2 Chibi Posters - Souichi et Tomie...', 'Chaussure pour avoir la classe a dallas ', 21, NULL, 1, 0, 0, 3, 1, 9, 0),
(90, 'YU-GI-OH! - Set 2 Chibi Posters - Yugi et Kaiba...', 'Chaussure pour avoir la classe a dallas ', 21, NULL, 1, 0, 0, 3, 1, 9, 0),
(91, 'MORTAL KOMBAT - Poster \"Scorpion vs Sub-Zero\" roulé...', 'Chaussure pour avoir la classe a dallas ', 21, NULL, 1, 0, 0, 3, 1, 9, 0),
(92, 'THE PROMISED NEVERLAND - Poster - \"Trio\"- roulé...', 'Chaussure pour avoir la classe a dallas ', 21, NULL, 1, 0, 0, 3, 1, 9, 0),
(93, 'CARDCAPTOR SAKURA - Poster - \"Groupe\"- roulé filmé...', 'Chaussure pour avoir la classe a dallas ', 21, NULL, 1, 0, 0, 3, 1, 9, 0),
(94, 'THE PROMISED NEVERLAND - Poster - \"Groupe\"- roulé...', 'Chaussure pour avoir la classe a dallas ', 21, NULL, 1, 0, 0, 3, 1, 9, 0),
(95, 'JUJUTSU KAISEN - Tirage encadré \"Itadori & Sukuna\" x2', 'Chaussure pour avoir la classe a dallas ', 21, NULL, 1, 0, 0, 3, 1, 9, 0),
(96, 'PEAKY BLINDERS - Tirage encadré \"Ordre\" x2', 'Chaussure pour avoir la classe a dallas ', 21, NULL, 1, 0, 0, 3, 1, 9, 0),
(97, 'PEAKY BLINDERS - Tirage encadré \"Whiskey\" x2', 'Chaussure pour avoir la classe a dallas ', 21, NULL, 1, 0, 0, 3, 1, 9, 0),
(98, 'FANTASTIC BEASTS - Tirage encadré \"Albus Dumbledore\" x2', 'Chaussure pour avoir la classe a dallas ', 21, NULL, 1, 0, 0, 3, 1, 9, 0),
(99, 'HARRY POTTER - Tirage encadré \"Rogue toujours\" x2', 'Chaussure pour avoir la classe a dallas ', 21, NULL, 1, 0, 0, 3, 1, 9, 0),
(100, 'DC COMICS - Tirage encadré \"Suicide Squad Harley...', 'Chaussure pour avoir la classe a dallas ', 21, NULL, 1, 0, 0, 3, 1, 9, 0),
(101, 'HARRY POTTER - Tirage encadré \"Je jure...', 'Chaussure pour avoir la classe a dallas ', 21, NULL, 1, 0, 0, 3, 1, 9, 0),
(102, 'DC COMICS - Tirage encadré \"The Killing Joke\" x2', 'Chaussure pour avoir la classe a dallas ', 21, NULL, 1, 0, 0, 3, 1, 9, 0),
(103, 'HARRY POTTER - Tirage encadré \"Indésirable n°1\" x2', 'Chaussure pour avoir la classe a dallas ', 21, NULL, 1, 0, 0, 3, 1, 9, 0),
(104, 'DC COMICS - Tirage encadré \"Batman Stalker\" x2', 'Chaussure pour avoir la classe a dallas ', 21, NULL, 1, 0, 0, 3, 1, 9, 0),
(105, 'PEAKY BLINDERS - Tirage encadré \"Shelby Company\" x2', 'Chaussure pour avoir la classe a dallas ', 21, NULL, 1, 0, 0, 3, 1, 9, 0),
(106, 'ONE PIECE - Tirage encadré \"Thousand Sunny\" x2', 'Chaussure pour avoir la classe a dallas ', 21, NULL, 1, 0, 0, 3, 1, 9, 0),
(107, 'YU-GI-OH! - Tirage encadré \"Tablette Égyptienne\" x2', 'Chaussure pour avoir la classe a dallas ', 21, NULL, 1, 0, 0, 3, 1, 9, 0),
(108, 'ONE PIECE - Tirage encadré \"Luffy à Wano Artwork\" x2', 'Chaussure pour avoir la classe a dallas ', 21, NULL, 1, 0, 0, 3, 1, 9, 0),
(109, 'ATTACK ON TITAN - Tirage encadré \"S4 key art 3\" x2', 'Chaussure pour avoir la classe a dallas ', 21, NULL, 1, 0, 0, 3, 1, 9, 0),
(110, 'ATTACK ON TITAN - Tirage encadré \"Levi & Eren\" x2', 'Chaussure pour avoir la classe a dallas ', 21, NULL, 1, 0, 0, 3, 1, 9, 0),
(111, 'YU-GI-OH! - Tirage encadré \"Joey Yugi Kaiba\" x2', 'Chaussure pour avoir la classe a dallas ', 21, NULL, 1, 0, 0, 3, 1, 9, 0),
(112, 'ATTACK ON TITAN - Tirage encadré \"S4 key art 2\" x2', 'Chaussure pour avoir la classe a dallas ', 21, NULL, 1, 0, 0, 3, 1, 9, 0),
(113, 'SPICE GIRLS - Tirage encadré \"Groupe Shot\" x2', 'Chaussure pour avoir la classe a dallas ', 21, NULL, 1, 0, 0, 3, 1, 9, 0),
(114, 'DAVID BOWIE - Tirage encadré \"Dansons\" x2', 'Chaussure pour avoir la classe a dallas ', 21, NULL, 1, 0, 0, 3, 1, 9, 0),
(115, 'SPICE GIRLS - Tirage encadré \"Canapé Rose\" x2', 'Chaussure pour avoir la classe a dallas ', 21, NULL, 1, 0, 0, 3, 1, 9, 0),
(116, 'DAVID BOWIE - Tirage encadré \"Mick Rock\" x2', 'Chaussure pour avoir la classe a dallas ', 21, NULL, 1, 0, 0, 3, 1, 9, 0),
(117, 'DC COMICS - Set 2 Chibi Posters - Batman et Joker...', 'Chaussure pour avoir la classe a dallas ', 21, NULL, 1, 0, 0, 3, 1, 9, 0),
(118, 'DEMON SLAYER - Set 2 Chibi Posters - Series 2...', 'Chaussure pour avoir la classe a dallas ', 21, NULL, 1, 0, 0, 3, 1, 9, 0),
(119, 'DEMON SLAYER - Poster « Tanjiro & Urukodaki » roulé...', 'Chaussure pour avoir la classe a dallas ', 21, NULL, 1, 0, 0, 3, 1, 9, 0),
(120, 'DEMON SLAYER - Poster « Tanjiro & Nezuko » roulé...DEMON SLAYER - Poster « Tanjiro & Nezuko » roulé...', 'Chaussure pour avoir la classe a dallas ', 21, NULL, 1, 0, 0, 3, 1, 9, 0),
(121, 'ASSASSINATION CLASSROOM - Poster \"Groupe forêt\"...', 'Chaussure pour avoir la classe a dallas ', 21, NULL, 1, 0, 0, 3, 1, 9, 0),
(122, 'BORUTO - Poster \"Groupe Konoha\" roulé filmé (91.5x61)', 'Chaussure pour avoir la classe a dallas ', 21, NULL, 1, 0, 0, 3, 1, 9, 0),
(123, 'YU-GI-OH! - Poster « Yugi Slifer et Magicien » roulé...', 'Chaussure pour avoir la classe a dallas ', 21, NULL, 1, 0, 0, 3, 1, 9, 0),
(124, 'JUNJI ITO - Poster « Key Art » roulé filmé (91.5 x 61)', 'Chaussure pour avoir la classe a dallas ', 21, NULL, 1, 0, 0, 3, 1, 9, 0),
(125, 'SLIME - Poster \"Group\" (91.5x61)', 'Chaussure pour avoir la classe a dallas ', 21, NULL, 1, 0, 0, 3, 1, 9, 0),
(126, 'DEMON SLAYER - Poster « Tanjiro & Nezuko Neige »...', 'Chaussure pour avoir la classe a dallas ', 21, NULL, 1, 0, 0, 3, 1, 9, 0),
(127, 'MINECRAFT - Dans la mine - Poster roulé filmé (91.5x61)', 'Chaussure pour avoir la classe a dallas ', 21, NULL, 1, 0, 0, 3, 1, 9, 0),
(128, 'MINECRAFT - Un dernier diamant - Poster roulé filmé...', 'Chaussure pour avoir la classe a dallas ', 21, NULL, 1, 0, 0, 3, 1, 9, 0),
(129, 'ATTACK ON TITAN - Poster \"S4 Mikasa\" (52x38)', 'Chaussure pour avoir la classe a dallas ', 21, NULL, 1, 0, 0, 3, 1, 9, 0),
(130, 'ATTACK ON TITAN - Poster \"S4 Groupe\" (52x38)', 'Chaussure pour avoir la classe a dallas ', 21, NULL, 1, 0, 0, 3, 1, 9, 0),
(131, 'ATTACK ON TITAN - Poster \"S4 Levi\" (52x38)', 'Chaussure pour avoir la classe a dallas ', 21, NULL, 1, 0, 0, 3, 1, 9, 0),
(132, 'JUNJI ITO - Poster \"Tomie Kawakami\" (52x38)', 'Chaussure pour avoir la classe a dallas ', 21, NULL, 1, 0, 0, 3, 1, 9, 0),
(133, 'TOILET-BOUND HANAKO-KUN - Poster \"Hanako-kun\" (52x38)', 'Chaussure pour avoir la classe a dallas ', 21, NULL, 1, 0, 0, 3, 1, 9, 0),
(134, 'DUNE - Poster «Dune partie 1» roulé filmé (91.5x61)...', 'Chaussure pour avoir la classe a dallas ', 21, NULL, 1, 0, 0, 3, 1, 9, 0),
(135, 'DC COMICS - Poster \"The Batman - Homme mystère\"...', 'Chaussure pour avoir la classe a dallas ', 21, NULL, 1, 0, 0, 3, 1, 9, 0),
(136, 'DC COMICS - Poster \"The Batman Shadows\" roulé filmé...', 'Chaussure pour avoir la classe a dallas ', 21, NULL, 1, 0, 0, 3, 1, 9, 0),
(137, 'JUJUTSU KAISEN - Poster \"Tokyo vs. Kyoto\" (52x38)', 'Chaussure pour avoir la classe a dallas ', 21, NULL, 1, 0, 0, 3, 1, 9, 0),
(138, 'JUJUTSU KAISEN - Poster \"Artwork\" (52x38)', 'Chaussure pour avoir la classe a dallas ', 21, NULL, 1, 0, 0, 3, 1, 9, 0),
(139, 'SLIME - Set 2 Chibi Posters Artworks (52x38) x4', 'Chaussure pour avoir la classe a dallas ', 21, NULL, 1, 0, 0, 3, 1, 9, 0),
(140, 'CARDCAPTOR SAKURA - Set 2 Chibi Posters Artworks...', 'Chaussure pour avoir la classe a dallas ', 21, NULL, 1, 0, 0, 3, 1, 9, 0),
(141, 'HARRY POTTER - Patronus Cerf - Poster roulé filmé...', 'Chaussure pour avoir la classe a dallas ', 21, NULL, 1, 0, 0, 3, 1, 9, 0),
(142, 'HARRY POTTER - Emblème Animaux - Poster roulé filmé...', 'Chaussure pour avoir la classe a dallas ', 21, NULL, 1, 0, 0, 3, 1, 9, 0),
(143, 'DEMON SLAYER - Poster \"Tanjiro et Nezuko Position de...\"', 'Chaussure pour avoir la classe a dallas ', 21, NULL, 1, 0, 0, 3, 1, 9, 0),
(144, 'NARUTO - Poster \"Naruto & emblème Konoha\" (52x38)', 'Chaussure pour avoir la classe a dallas ', 21, NULL, 1, 0, 0, 3, 1, 9, 0),
(145, 'HARRY POTTER - Collection - Poster roulé filmé...', 'Chaussure pour avoir la classe a dallas ', 21, NULL, 1, 0, 0, 3, 1, 9, 0),
(146, 'DOCTOR WHO - Tardis BD - Poster roulé filmé (91.5x61)', 'Chaussure pour avoir la classe a dallas ', 21, NULL, 1, 0, 0, 3, 1, 9, 0),
(147, 'POKEMON - Vignettes - Poster roulé filmé (91.5x61)', 'Chaussure pour avoir la classe a dallas ', 21, NULL, 1, 0, 0, 3, 1, 9, 0),
(148, 'LES DENTS DE LA MER - Key Art - Poster roulé filmé...', 'Chaussure pour avoir la classe a dallas ', 21, NULL, 1, 0, 0, 3, 1, 9, 0),
(149, 'DOCTOR WHO - Explosion Tardis - Poster roulé filmé...', 'Chaussure pour avoir la classe a dallas ', 21, NULL, 1, 0, 0, 3, 1, 9, 0),
(150, 'FALLOUT - Vault Forever - roulé filmé (91.5x61)', 'Chaussure pour avoir la classe a dallas ', 21, NULL, 1, 0, 0, 3, 1, 9, 0),
(151, 'DEMON SLAYER - Poster « Groupe » roulé filmé (91.5 x...', 'Chaussure pour avoir la classe a dallas ', 21, NULL, 1, 0, 0, 3, 1, 9, 0),
(152, 'MATRIX - Poster \"Hello Neo\" roulé filmé (91.5x61)', 'Chaussure pour avoir la classe a dallas ', 21, NULL, 1, 0, 0, 3, 1, 9, 0),
(153, 'MATRIX - Poster \"Chat\" roulé filmé (91.5x61)', 'Chaussure pour avoir la classe a dallas ', 21, NULL, 1, 0, 0, 3, 1, 9, 0),
(154, 'MY HERO ACADEMIA - Poster - Eri & Izuku - roulé...', 'Chaussure pour avoir la classe a dallas ', 21, NULL, 1, 0, 0, 3, 1, 9, 0),
(155, 'MY HERO ACADEMIA - Poster - Eri & Groupe roulé filmé...', 'Chaussure pour avoir la classe a dallas ', 21, NULL, 1, 0, 0, 3, 1, 9, 0),
(156, 'SAILOR MOON - Poster \"Luna, Artemis & Diana\" roulé...', 'Chaussure pour avoir la classe a dallas ', 21, NULL, 1, 0, 0, 3, 1, 9, 0),
(157, 'HARRY POTTER - Poster « Liste d école » roulé filmé...', 'Chaussure pour avoir la classe a dallas ', 21, NULL, 1, 0, 0, 3, 1, 9, 0),
(158, 'DEATH NOTE - Poster \"Groupe\" roulé filmé (91.5x61)', 'Chaussure pour avoir la classe a dallas ', 21, NULL, 1, 0, 0, 3, 1, 9, 0),
(159, 'THE BIG BANG THEORY - Poster « Casting » roulé filmé...', 'Chaussure pour avoir la classe a dallas ', 21, NULL, 1, 0, 0, 3, 1, 9, 0),
(160, 'RIVERDALE - Groupe saison un - Poster roulé filmé...', 'Chaussure pour avoir la classe a dallas ', 21, NULL, 1, 0, 0, 3, 1, 9, 0),
(161, 'MINECRAFT - Overworld Biome - Poster roulé filmé...', 'Chaussure pour avoir la classe a dallas ', 21, NULL, 1, 0, 0, 3, 1, 9, 0),
(162, 'ATTACK ON TITAN - S2 Key Art - Poster roulé filmé...', 'Chaussure pour avoir la classe a dallas ', 21, NULL, 1, 0, 0, 3, 1, 9, 0),
(163, 'POKEMON - Pikachu - Poster roulé filmé (91.5x61)*', 'Chaussure pour avoir la classe a dallas ', 21, NULL, 1, 0, 0, 3, 1, 9, 0),
(164, 'POKEMON - Tirage encadré \"Starters Kanto\" x2', 'Chaussure pour avoir la classe a dallas ', 21, NULL, 1, 0, 0, 3, 1, 9, 0),
(165, 'POKEMON - Tirage encadré \"Pokéballs\" x2', 'Chaussure pour avoir la classe a dallas ', 21, NULL, 1, 0, 0, 3, 1, 9, 0),
(166, 'FIVE NIGHTS AT FREDDY S - Groupe - Poster roulé...', 'Chaussure pour avoir la classe a dallas ', 21, NULL, 1, 0, 0, 3, 1, 9, 0),
(167, 'VIKINGS - Paysage ensanglanté - Poster roulé filmé...', 'Chaussure pour avoir la classe a dallas ', 21, NULL, 1, 0, 0, 3, 1, 9, 0),
(168, 'POKEMON - Evoli - Poster roulé filmé (91.5x61)', 'Chaussure pour avoir la classe a dallas ', 21, NULL, 1, 0, 0, 3, 1, 9, 0),
(169, 'POKEMON - Tirage encadré \"Team Rocket\" x2', 'Chaussure pour avoir la classe a dallas ', 21, NULL, 1, 0, 0, 3, 1, 9, 0),
(170, 'POKEMON - Tirage encadré \"Ronflex\" x2', 'Chaussure pour avoir la classe a dallas ', 21, NULL, 1, 0, 0, 3, 1, 9, 0),
(171, 'MAGIC THE GATHERING - Tirage encadré \"Liliana\" x2', 'Chaussure pour avoir la classe a dallas ', 21, NULL, 1, 0, 0, 3, 1, 9, 0),
(172, 'THE LAST OF US - Tirage encadré \"Ellie\" x2', 'Chaussure pour avoir la classe a dallas ', 21, NULL, 1, 0, 0, 3, 1, 9, 0),
(173, 'FIVE NIGHTS AT FREDDY S- Tirage encadré \"Quad\" x2', 'Chaussure pour avoir la classe a dallas ', 21, NULL, 1, 0, 0, 3, 1, 9, 0),
(174, 'RE: ZERO - Tirage encadré \"Key Art\" x2', 'Chaussure pour avoir la classe a dallas ', 21, NULL, 1, 0, 0, 3, 1, 9, 0),
(175, 'TOKYO GHOUL: RE - Tirage encadré \"Red Flowers\" x2', 'Chaussure pour avoir la classe a dallas ', 21, NULL, 1, 0, 0, 3, 1, 9, 0),
(176, 'VIKINGS - Tirage encadré \"Keyart\" x2', 'Chaussure pour avoir la classe a dallas ', 21, NULL, 1, 0, 0, 3, 1, 9, 0),
(177, 'HATSUNE MIKU - Tirage encadré \"Unité Kuroshishi\" x2', 'Chaussure pour avoir la classe a dallas ', 21, NULL, 1, 0, 0, 3, 1, 9, 0),
(178, 'POKEMON - Tirage encadré \"Starters\" x2*', 'Chaussure pour avoir la classe a dallas ', 21, NULL, 1, 0, 0, 3, 1, 9, 0),
(179, 'SKYRIM - Tirage encadré \"Armure Daedrique\" x2', 'Chaussure pour avoir la classe a dallas ', 21, NULL, 1, 0, 0, 3, 1, 9, 0),
(180, 'DOOM - Tirage encadré \"Marine\" x2', 'Chaussure pour avoir la classe a dallas ', 21, NULL, 1, 0, 0, 3, 1, 9, 0),
(181, 'DOCTOR WHO - Tirage encadré \"Comics Méchants\" x2', 'Chaussure pour avoir la classe a dallas ', 21, NULL, 1, 0, 0, 3, 1, 9, 0),
(182, 'DONJONS ET DRAGONS - Tirage encadré \"Guide du...\"', 'Chaussure pour avoir la classe a dallas ', 21, NULL, 1, 0, 0, 3, 1, 9, 0),
(183, 'DONJONS ET DRAGONS - Tirage encadré \"Monster Manual\" x2', 'Chaussure pour avoir la classe a dallas ', 21, NULL, 1, 0, 0, 3, 1, 9, 0),
(184, 'FALLOUT - Tirage encadré \"Nuka Cola\" x2', 'Chaussure pour avoir la classe a dallas ', 21, NULL, 1, 0, 0, 3, 1, 9, 0),
(185, 'FORTNITE - Tirage encadré \"Dine n Dash\" x2', 'Chaussure pour avoir la classe a dallas ', 21, NULL, 1, 0, 0, 3, 1, 9, 0),
(186, 'FORTNITE - Tirage encadré \"Spring Break Peely\" x2', 'Chaussure pour avoir la classe a dallas ', 21, NULL, 1, 0, 0, 3, 1, 9, 0),
(187, 'AC/DC - Poster \"Highway to Hell\" roulé filmé (91.5x61)', 'Chaussure pour avoir la classe a dallas ', 21, NULL, 1, 0, 0, 3, 1, 9, 0),
(188, 'QUEEN - Poster \"Pochettes\" roulé filmé (91.5x61)', 'Chaussure pour avoir la classe a dallas ', 21, NULL, 1, 0, 0, 3, 1, 9, 0),
(189, 'QUEEN - Poster \"Groupe\" roulé filmé (91.5x61)', 'Chaussure pour avoir la classe a dallas ', 21, NULL, 1, 0, 0, 3, 1, 9, 0),
(190, 'QUEEN - Poster \"Queen II\" roulé filmé (91.5x61)', 'Chaussure pour avoir la classe a dallas ', 21, NULL, 1, 0, 0, 3, 1, 9, 0),
(191, 'QUEEN - Poster \"Couronne\" roulé filmé (91.5x61)', 'Chaussure pour avoir la classe a dallas ', 21, NULL, 1, 0, 0, 3, 1, 9, 0),
(192, 'QUEEN - Poster \"Wembley\" roulé filmé (91.5x61)', 'Chaussure pour avoir la classe a dallas ', 21, NULL, 1, 0, 0, 3, 1, 9, 0),
(193, 'PINK FLOYD - Poster \"Dark Side of the Moon\" roulé...', 'Chaussure pour avoir la classe a dallas ', 21, NULL, 1, 0, 0, 3, 1, 9, 0),
(194, 'THE BEATLES - Poster \"Abbey Road\" roulé filmé (91.5x61)', 'Chaussure pour avoir la classe a dallas ', 21, NULL, 1, 0, 0, 3, 1, 9, 0),
(195, 'THE BEATLES - Poster \"Yellow Submarine Cover\" roulé...', 'Chaussure pour avoir la classe a dallas ', 21, NULL, 1, 0, 0, 3, 1, 9, 0),
(196, 'THE BEATLES - Poster \"Yellow Submarine\" roulé filmé...', 'Chaussure pour avoir la classe a dallas ', 21, NULL, 1, 0, 0, 3, 1, 9, 0),
(197, 'PINK FLOYD - Poster \"Rainbow Theatre\" roulé filmé...', 'Chaussure pour avoir la classe a dallas ', 21, NULL, 1, 0, 0, 3, 1, 9, 0),
(198, 'GUNS N ROSES - Poster \"Appetite\" roulé filmé (91.5x61)', 'Chaussure pour avoir la classe a dallas ', 21, NULL, 1, 0, 0, 3, 1, 9, 0),
(199, 'THE BEATLES - Poster \"Morceaux Abbey Road\" roulé...', 'Chaussure pour avoir la classe a dallas ', 21, NULL, 1, 0, 0, 3, 1, 9, 0),
(200, 'PINK FLOYD - Poster \"Wish You Were Here\" roulé filmé...', 'Chaussure pour avoir la classe a dallas ', 21, NULL, 1, 0, 0, 3, 1, 9, 0),
(201, 'THE BEATLES - Poster \"Lonely Hearts Club\" roulé...', 'Chaussure pour avoir la classe a dallas ', 21, NULL, 1, 0, 0, 3, 1, 9, 0),
(202, 'ARIANA GRANDE - Poster \"Accroupie\" roulé filmé...', 'Chaussure pour avoir la classe a dallas ', 21, NULL, 1, 0, 0, 3, 1, 9, 0),
(203, 'BILLIE EILISH - Poster \"Album\" roulé filmé (91.5x61)', 'Chaussure pour avoir la classe a dallas ', 21, NULL, 1, 0, 0, 3, 1, 9, 0),
(204, 'ARCTIC MONKEYS - Poster \"Bateau\" roulé filmé (91.5x61)', 'Chaussure pour avoir la classe a dallas ', 21, NULL, 1, 0, 0, 3, 1, 9, 0),
(205, 'EMINEM - Poster \"Cornes\" roulé filmé (91.5x61)', 'Chaussure pour avoir la classe a dallas ', 21, NULL, 1, 0, 0, 3, 1, 9, 0),
(206, 'BILLIE EILISH - Poster \"Ghoul\" roulé filmé (91.5x61)', 'Chaussure pour avoir la classe a dallas ', 21, NULL, 1, 0, 0, 3, 1, 9, 0),
(207, 'TUPAC - Poster \"Fumée\" roulé filmé (91.5x61)', 'Chaussure pour avoir la classe a dallas ', 21, NULL, 1, 0, 0, 3, 1, 9, 0),
(208, 'THE 1975 - Poster \"Album\" roulé filmé (91.5x61)', 'Chaussure pour avoir la classe a dallas ', 21, NULL, 1, 0, 0, 3, 1, 9, 0),
(209, 'THE CURE - Poster \"Boys Dont Cry\" roulé filmé...', 'Chaussure pour avoir la classe a dallas ', 21, NULL, 1, 0, 0, 3, 1, 9, 0),
(210, 'ARIANA GRANDE - Poster \"Assise\" roulé filmé (91.5x61)', 'Chaussure pour avoir la classe a dallas ', 21, NULL, 1, 0, 0, 3, 1, 9, 0),
(211, 'BLACK PINK - Poster \"Groupe Rose\" roulé filmé (91.5x61)', 'Chaussure pour avoir la classe a dallas ', 21, NULL, 1, 0, 0, 3, 1, 9, 0),
(212, 'THE BEATLES - Poster \"Albums\" roulé filmé (91.5x61)', 'Chaussure pour avoir la classe a dallas ', 21, NULL, 1, 0, 0, 3, 1, 9, 0),
(213, 'THE BEATLES - Poster \"Sgt Pepper\" roulé filmé (91.5x61)', 'Chaussure pour avoir la classe a dallas ', 21, NULL, 1, 0, 0, 3, 1, 9, 0),
(214, 'THE BEATLES - Poster \"Let it Be\" roulé filmé (91.5x61)', 'Chaussure pour avoir la classe a dallas ', 21, NULL, 1, 0, 0, 3, 1, 9, 0),
(215, 'BLACK PINK - Poster \"BP Rose\" roulé filmé (91.5x61)', 'Chaussure pour avoir la classe a dallas ', 21, NULL, 1, 0, 0, 3, 1, 9, 0),
(216, 'PINK FLOYD - Poster \"Back Catalogue\" roulé filmé...', 'Chaussure pour avoir la classe a dallas ', 21, NULL, 1, 0, 0, 3, 1, 9, 0),
(217, 'BILLIE EILISH - Poster \"Stickman\" roulé filmé (91.5x61)', 'Chaussure pour avoir la classe a dallas ', 21, NULL, 1, 0, 0, 3, 1, 9, 0),
(218, 'GUNS N ROSES - Poster \"Illusion\" roulé filmé (91.5x61)', 'Chaussure pour avoir la classe a dallas ', 21, NULL, 1, 0, 0, 3, 1, 9, 0),
(219, 'GUNS N ROSES - Poster \"Logo\" roulé filmé (91.5x61)', 'Chaussure pour avoir la classe a dallas ', 21, NULL, 1, 0, 0, 3, 1, 9, 0),
(220, 'THE BEATLES - Poster \"A Londres\" roulé filmé (91.5x61)', 'Chaussure pour avoir la classe a dallas ', 21, NULL, 1, 0, 0, 3, 1, 9, 0),
(221, 'DEMON SLAYER - Poster \"Tanjiro & Nezuko Neige\" (52x38)', 'Chaussure pour avoir la classe a dallas ', 21, NULL, 1, 0, 0, 3, 1, 9, 0),
(222, 'THE ROLLING STONES - Poster \"Lèvres\" roulé filmé...', 'Chaussure pour avoir la classe a dallas ', 21, NULL, 1, 0, 0, 3, 1, 9, 0),
(223, 'DEMON SLAYER - Poster \"Kibutsuji Muzan \" (52x38)', 'Chaussure pour avoir la classe a dallas ', 21, NULL, 1, 0, 0, 3, 1, 9, 0),
(224, 'ONE PIECE - Poster \"Wano Raid\" (52x38)', 'Chaussure pour avoir la classe a dallas ', 21, NULL, 1, 0, 0, 3, 1, 9, 0),
(225, 'ASSASSINATION CLASSROOM - Poster \"Groupe élégant\"...', 'Chaussure pour avoir la classe a dallas ', 21, NULL, 1, 0, 0, 3, 1, 9, 0),
(226, 'BORUTO - Poster \"Boruto & Kawaki\" (52x38)', 'Chaussure pour avoir la classe a dallas ', 21, NULL, 1, 0, 0, 3, 1, 9, 0),
(227, 'HUNTER X HUNTER - Poster \"Greed Island\" (52x38)', 'Chaussure pour avoir la classe a dallas ', 21, NULL, 1, 0, 0, 3, 1, 9, 0),
(228, 'CARDCAPTOR SAKURA - Poster \"Groupe\" (52 x 38)', 'Chaussure pour avoir la classe a dallas ', 21, NULL, 1, 0, 0, 3, 1, 9, 0),
(229, 'CARDCAPTOR SAKURA - Poster \"Sakura & cartes\" (52 x 38)', 'Chaussure pour avoir la classe a dallas ', 21, NULL, 1, 0, 0, 3, 1, 9, 0),
(230, 'RICK AND MORTY - Poster «Portail» roulé filmé...', 'Chaussure pour avoir la classe a dallas ', 21, NULL, 1, 0, 0, 3, 1, 9, 0),
(231, 'WARHAMMER 40,000 - Poster \"Sombre Imperium\" roulé...', 'Chaussure pour avoir la classe a dallas ', 21, NULL, 1, 0, 0, 3, 1, 9, 0),
(232, 'EMINEM - Poster \"Doigts\" roulé filmé (91.5x61)', 'Chaussure pour avoir la classe a dallas ', 21, NULL, 1, 0, 0, 3, 1, 9, 0),
(233, 'THE BEATLES - Poster \"Album Blanc\" roulé filmé...', 'Chaussure pour avoir la classe a dallas ', 21, NULL, 1, 0, 0, 3, 1, 9, 0),
(234, 'EMINEM - Poster \"Collage\" roulé filmé (91.5x61)', 'Chaussure pour avoir la classe a dallas ', 21, NULL, 1, 0, 0, 3, 1, 9, 0),
(235, 'DR STONE - Poster - Groupe\"- roulé filmé (91.5x61)\"', 'Chaussure pour avoir la classe a dallas ', 21, NULL, 1, 0, 0, 3, 1, 9, 0),
(236, 'HUNTER X HUNTER - Poster - \"Héros\"- roulé filmé...', 'Chaussure pour avoir la classe a dallas ', 21, NULL, 1, 0, 0, 3, 1, 9, 0),
(237, 'DC COMICS - Poster \"Superman\" roulé filmé (91.5x61)', 'Chaussure pour avoir la classe a dallas ', 21, NULL, 1, 0, 0, 3, 1, 9, 0),
(238, 'HARRY POTTER - Poster « Gryffondor » roulé filmé...', 'Chaussure pour avoir la classe a dallas ', 21, NULL, 1, 0, 0, 3, 1, 9, 0),
(239, 'LORD OF THE RINGS - Poster « Anneau unique » roulé...', 'Chaussure pour avoir la classe a dallas ', 21, NULL, 1, 0, 0, 3, 1, 9, 0),
(240, 'LORD OF THE RINGS - Poster « Tour de Sauron » roulé...', 'Chaussure pour avoir la classe a dallas ', 21, NULL, 1, 0, 0, 3, 1, 9, 0),
(241, 'HARRY POTTER - Poster « Serpentard » roulé filmé...', 'Chaussure pour avoir la classe a dallas ', 21, NULL, 1, 0, 0, 3, 1, 9, 0),
(242, 'POKEMON - Tirage encadré \"Red V Blue\" x2', 'Chaussure pour avoir la classe a dallas ', 21, NULL, 1, 0, 0, 3, 1, 9, 0),
(243, 'MINECRAFT - Tirage encadré \"World\" x2', 'Chaussure pour avoir la classe a dallas ', 21, NULL, 1, 0, 0, 3, 1, 9, 0),
(244, 'ATTACK ON TITAN - Tirage encadré \"Key Art\" x2', 'Chaussure pour avoir la classe a dallas ', 21, NULL, 1, 0, 0, 3, 1, 9, 0),
(245, 'ATTACK ON TITAN - Tirage encadré \"Smoke Blast\" x2', 'Chaussure pour avoir la classe a dallas ', 21, NULL, 1, 0, 0, 3, 1, 9, 0),
(246, 'LES DENTS DE LA MER - Tirage encadré \"Key Art\" x2', 'Chaussure pour avoir la classe a dallas ', 21, NULL, 1, 0, 0, 3, 1, 9, 0),
(247, 'POKEMON - Tirage encadré \"Pikachu\" x2*', 'Chaussure pour avoir la classe a dallas ', 21, NULL, 1, 0, 0, 3, 1, 9, 0),
(248, 'FORTNITE - Tirage encadré \"Battle Bus\" x2', 'Chaussure pour avoir la classe a dallas ', 21, NULL, 1, 0, 0, 3, 1, 9, 0),
(249, 'MINECRAFT - Tirage encadré \"Épée de diamant\" x2', 'Chaussure pour avoir la classe a dallas ', 21, NULL, 1, 0, 0, 3, 1, 9, 0),
(250, 'PEAKY BLINDERS - Tirage encadré \"Tommy\" x2', 'Chaussure pour avoir la classe a dallas ', 21, NULL, 1, 0, 0, 3, 1, 9, 0),
(251, 'PLAYSTATION - Tirage encadré \"Eat Sleep Repeat\" x2', 'Chaussure pour avoir la classe a dallas ', 21, NULL, 1, 0, 0, 3, 1, 9, 0),
(252, 'POKEMON - Tirage encadré \"Evoli\" x2', 'Chaussure pour avoir la classe a dallas ', 21, NULL, 1, 0, 0, 3, 1, 9, 0),
(253, 'POKEMON - Tirage encadré \"Planche de bande dessinée\"...', 'Chaussure pour avoir la classe a dallas ', 21, NULL, 1, 0, 0, 3, 1, 9, 0),
(254, 'POKEMON - Kanto151 Anglais - Poster roulé filmé...', 'Chaussure pour avoir la classe a dallas ', 21, NULL, 1, 0, 0, 3, 1, 9, 0),
(255, 'HUNTER X HUNTER - Set 2 Chibi Posters - Groupes...', 'Chaussure pour avoir la classe a dallas ', 21, NULL, 1, 0, 0, 3, 1, 9, 0),
(256, 'DR STONE - Set 2 Chibi Posters - Arworks (52x38) x4', 'Chaussure pour avoir la classe a dallas ', 21, NULL, 1, 0, 0, 3, 1, 9, 0),
(257, 'BT21 - Poster \"Times Square\" roulé filmé (91.5x61)', 'Chaussure pour avoir la classe a dallas ', 21, NULL, 1, 0, 0, 3, 1, 9, 0),
(258, 'ONE PIECE - Poster \"1000 Logs Fête\" (52x38)', 'Chaussure pour avoir la classe a dallas ', 21, NULL, 1, 0, 0, 3, 1, 9, 0),
(259, 'ONE PIECE - Poster \"Wanted Shanks\" (52x35)', 'Chaussure pour avoir la classe a dallas ', 21, NULL, 1, 0, 0, 3, 1, 9, 0),
(260, 'DEMON SLAYER - Poster \"Trio \" (52x38)', 'Chaussure pour avoir la classe a dallas ', 21, NULL, 1, 0, 0, 3, 1, 9, 0),
(261, 'THE PROMISED NEVERLAND - Poster Style Photos...', 'Chaussure pour avoir la classe a dallas ', 21, NULL, 1, 0, 0, 3, 1, 9, 0),
(262, 'THE PROMISED NEVERLAND - Poster Maman & Orphelins...', 'Chaussure pour avoir la classe a dallas ', 21, NULL, 1, 0, 0, 3, 1, 9, 0),
(263, 'THE SEVEN DEADLY SINS - Poster \"Wanted\" (52x38)', 'Chaussure pour avoir la classe a dallas ', 21, NULL, 1, 0, 0, 3, 1, 9, 0),
(264, 'SWORD ART ONLINE - Poster Asuna & Kirito Aincrad...', 'Chaussure pour avoir la classe a dallas ', 21, NULL, 1, 0, 0, 3, 1, 9, 0),
(265, 'THE LAST OF US PART II - Ellie - Poster roulé filmé...', 'Chaussure pour avoir la classe a dallas ', 21, NULL, 1, 0, 0, 3, 1, 9, 0),
(266, 'MAGIC THE GATHERING - Nicol Bolas - roulé filmé...', 'Chaussure pour avoir la classe a dallas ', 21, NULL, 1, 0, 0, 3, 1, 9, 0),
(267, 'TOKYO GHOUL: RE - Key Art 3 - Poster roulé filmé...', 'Chaussure pour avoir la classe a dallas ', 21, NULL, 1, 0, 0, 3, 1, 9, 0),
(268, 'RE: ZERO - Groupe - Poster roulé filmé (91.5x61)', 'Chaussure pour avoir la classe a dallas ', 21, NULL, 1, 0, 0, 3, 1, 9, 0),
(269, 'FALLOUT - Nuka Cola - roulé filmé (91.5x61)', 'Chaussure pour avoir la classe a dallas ', 21, NULL, 1, 0, 0, 3, 1, 9, 0),
(270, 'YURI ON ICE - Voiture - Poster roulé filmé (91.5x61)*', 'Chaussure pour avoir la classe a dallas ', 21, NULL, 1, 0, 0, 3, 1, 9, 0),
(271, 'DONJONS ET DRAGONS - Aventure - roulé filmé (91.5x61)', 'Chaussure pour avoir la classe a dallas ', 21, NULL, 1, 0, 0, 3, 1, 9, 0),
(272, 'SKYRIM - Dovahkiin - roulé filmé (91.5x61)', 'Chaussure pour avoir la classe a dallas ', 21, NULL, 1, 0, 0, 3, 1, 9, 0),
(273, 'BTS - Poster \"Montage Groupe\" roulé filmé (91.5x61)', 'Chaussure pour avoir la classe a dallas ', 21, NULL, 1, 0, 0, 3, 1, 9, 0),
(274, 'BTS - Poster \"Groupe Bleu\" roulé filmé (91.5x61)', 'Chaussure pour avoir la classe a dallas ', 21, NULL, 1, 0, 0, 3, 1, 9, 0),
(275, 'BTS - Poster \"Groupe Lit\" roulé filmé (91.5x61)', 'Chaussure pour avoir la classe a dallas ', 21, NULL, 1, 0, 0, 3, 1, 9, 0),
(276, 'THE BEATLES - Tirage encadré \"Yellow Submarine...\"', 'Chaussure pour avoir la classe a dallas ', 21, NULL, 1, 0, 0, 3, 1, 9, 0),
(277, 'THE BEATLES - Tirage encadré \"Portrait à Londres\" x2', 'Chaussure pour avoir la classe a dallas ', 21, NULL, 1, 0, 0, 3, 1, 9, 0),
(278, 'THE BEATLES - Tirage encadré \"Au Fil des Années\" x2', 'Chaussure pour avoir la classe a dallas ', 21, NULL, 1, 0, 0, 3, 1, 9, 0),
(279, 'THE BEATLES - Tirage encadré \"Studio\" x2', 'Chaussure pour avoir la classe a dallas ', 21, NULL, 1, 0, 0, 3, 1, 9, 0),
(280, 'THE BEATLES - Tirage encadré \"Abbey Road\" x2', 'Chaussure pour avoir la classe a dallas ', 21, NULL, 1, 0, 0, 3, 1, 9, 0),
(281, 'BTS - Poster \"Groupe\" roulé filmé (91.5x61)', 'Chaussure pour avoir la classe a dallas ', 21, NULL, 1, 0, 0, 3, 1, 9, 0),
(282, 'DUNE - Poster «Le futur est à l horizon» roulé filmé...', 'Chaussure pour avoir la classe a dallas ', 21, NULL, 1, 0, 0, 3, 1, 9, 0),
(283, 'DUNE - Poster «La peur tue l esprit» roulé filmé...', 'Chaussure pour avoir la classe a dallas ', 21, NULL, 1, 0, 0, 3, 1, 9, 0),
(284, 'WORLD OF WARCRAFT - Poster \"Illidan Hurlorage\" roulé...', 'Chaussure pour avoir la classe a dallas ', 21, NULL, 1, 0, 0, 3, 1, 9, 0),
(285, 'NARUTO SHIPPUDEN - Poster \"Naruto & alliés\" roulé...', 'Chaussure pour avoir la classe a dallas ', 21, NULL, 1, 0, 0, 3, 1, 9, 0),
(286, 'NARUTO - Poster \"Naruto & Sasuke\" roulé filmé (91.5x61)', 'Chaussure pour avoir la classe a dallas ', 21, NULL, 1, 0, 0, 3, 1, 9, 0),
(287, 'NARUTO - Poster\"Ninjas Konoha\" roulé filmé (91.5x61)', 'Chaussure pour avoir la classe a dallas ', 21, NULL, 1, 0, 0, 3, 1, 9, 0),
(288, 'NARUTO - Poster \"Groupe\" roulé filmé (91.5x61)', 'Chaussure pour avoir la classe a dallas ', 21, NULL, 1, 0, 0, 3, 1, 9, 0),
(289, 'DRAGON BALL SUPER - Poster - \"Festin\"- roulé filmé...', 'Chaussure pour avoir la classe a dallas ', 21, NULL, 1, 0, 0, 3, 1, 9, 0),
(290, 'HARRY POTTER - Poster « Indésirable n°1 » roulé...', 'Chaussure pour avoir la classe a dallas ', 21, NULL, 1, 0, 0, 3, 1, 9, 0),
(291, 'HARRY POTTER - Poster « Château de Poudlard » roulé...', 'Chaussure pour avoir la classe a dallas ', 21, NULL, 1, 0, 0, 3, 1, 9, 0),
(292, 'NARUTO - Set 2 Chibi Posters - Equipe 7 (52x38) x4', 'Chaussure pour avoir la classe a dallas ', 21, NULL, 1, 0, 0, 3, 1, 9, 0),
(293, 'ONE PIECE - Poster \"Wanted Kaido\" (52x35)', 'Chaussure pour avoir la classe a dallas ', 21, NULL, 1, 0, 0, 3, 1, 9, 0),
(294, 'ONE PIECE - Poster \"Wanted Big Mom\" (52x35)', 'Chaussure pour avoir la classe a dallas ', 21, NULL, 1, 0, 0, 3, 1, 9, 0),
(295, 'DR STONE - Poster \"Senku, Kohaku, & Chrome\" (52x38)', 'Chaussure pour avoir la classe a dallas ', 21, NULL, 1, 0, 0, 3, 1, 9, 0),
(296, 'HARRY POTTER - Set 2 Chibi Posters - Retro...', 'Chaussure pour avoir la classe a dallas ', 21, NULL, 1, 0, 0, 3, 1, 9, 0),
(297, 'HARRY POTTER - Set 2 Chibi Posters - Blason &...', 'Chaussure pour avoir la classe a dallas ', 21, NULL, 1, 0, 0, 3, 1, 9, 0),
(298, 'LOONEY TUNES - Poster « Space Jam » roulé filmé...', 'Chaussure pour avoir la classe a dallas ', 21, NULL, 1, 0, 0, 3, 1, 9, 0),
(299, 'DC COMICS - Poster \"Harley Quinn\" roulé filmé (91.5x61)', 'Chaussure pour avoir la classe a dallas ', 21, NULL, 1, 0, 0, 3, 1, 9, 0),
(300, 'DC COMICS - Poster \"The Suicide Squad\" roulé filmé...', 'Chaussure pour avoir la classe a dallas ', 21, NULL, 1, 0, 0, 3, 1, 9, 0),
(301, 'DC COMICS - Poster \"la fabuleuse Harley Quinn\" roulé...', 'Chaussure pour avoir la classe a dallas ', 21, NULL, 1, 0, 0, 3, 1, 9, 0),
(302, 'GOBLIN SLAYER - Set 2 Chibi Posters -\" Groupe &...\" ', 'Chaussure pour avoir la classe a dallas ', 21, NULL, 1, 0, 0, 3, 1, 9, 0),
(303, 'JUNJI ITO - Set 2 Chibi Posters Artworks (52x38) x4', 'Chaussure pour avoir la classe a dallas ', 21, NULL, 1, 0, 0, 3, 1, 9, 0),
(304, 'DR STONE - Set 2 Chibi Posters - Groupe & Artwork...', 'Chaussure pour avoir la classe a dallas ', 21, NULL, 1, 0, 0, 3, 1, 9, 0),
(305, 'NARUTO SHIPPUDEN - Set 2 Chibi Posters - Ninjas...', 'Chaussure pour avoir la classe a dallas ', 21, NULL, 1, 0, 0, 3, 1, 9, 0),
(306, 'HUNTER X HUNTER - Poster \"Hisoka\" (52x38)', 'Chaussure pour avoir la classe a dallas ', 21, NULL, 1, 0, 0, 3, 1, 9, 0),
(307, 'CARDCAPTOR SAKURA - Poster \"Sakura & sceptre\" (52 x 38)', 'Chaussure pour avoir la classe a dallas ', 21, NULL, 1, 0, 0, 3, 1, 9, 0),
(308, 'NARUTO - Poster \"Naruto vs Sasuke\" (52x38)', 'Chaussure pour avoir la classe a dallas ', 21, NULL, 1, 0, 0, 3, 1, 9, 0),
(309, 'RADIANT - Poster \"Groupe\" (52x38)', 'Chaussure pour avoir la classe a dallas ', 21, NULL, 1, 0, 0, 3, 1, 9, 0),
(310, 'NARUTO - Poster \"Equipe 7\" (52x38)', 'Chaussure pour avoir la classe a dallas ', 21, NULL, 1, 0, 0, 3, 1, 9, 0),
(311, 'JOJO S BIZARRE ADVENTURE - Poster \"Golden Wind\" (52x38)', 'Chaussure pour avoir la classe a dallas ', 21, NULL, 1, 0, 0, 3, 1, 9, 0),
(312, 'CARDCAPTOR SAKURA - Poster \"Cartes\" (52 x 38)', 'Chaussure pour avoir la classe a dallas ', 21, NULL, 1, 0, 0, 3, 1, 9, 0),
(313, 'NARUTO - Poster \"Kakashi et ses chiens\" (52x38)', 'Chaussure pour avoir la classe a dallas ', 21, NULL, 1, 0, 0, 3, 1, 9, 0),
(314, 'GTO - Poster \"Onizuka Moto\" (52x38)', 'Chaussure pour avoir la classe a dallas ', 21, NULL, 1, 0, 0, 3, 1, 9, 0),
(315, 'GTO - Poster \"Onizuka\" (52x38)', 'Chaussure pour avoir la classe a dallas ', 21, NULL, 1, 0, 0, 3, 1, 9, 0),
(316, 'FORTNITE - Battle Bus - Poster roulé filmé (91.5x61)', 'Chaussure pour avoir la classe a dallas ', 21, NULL, 1, 0, 0, 3, 1, 9, 0),
(317, 'THE WITCHER - Monde Ouvert - Poster roulé filmé...', 'Chaussure pour avoir la classe a dallas ', 21, NULL, 1, 0, 0, 3, 1, 9, 0),
(318, 'THE WITCHER - Affiche - Poster roulé filmé (91.5x61)', 'Chaussure pour avoir la classe a dallas ', 21, NULL, 1, 0, 0, 3, 1, 9, 0),
(319, 'THE WITCHER - Portrait Geralt - Poster roulé filmé...', 'Chaussure pour avoir la classe a dallas ', 21, NULL, 1, 0, 0, 3, 1, 9, 0),
(320, 'THE WITCHER - Esquisse Geralt - Poster roulé filmé...', 'Chaussure pour avoir la classe a dallas ', 21, NULL, 1, 0, 0, 3, 1, 9, 0),
(321, 'THE WITCHER - Empoisonnement - Poster roulé filmé...', 'Chaussure pour avoir la classe a dallas ', 21, NULL, 1, 0, 0, 3, 1, 9, 0),
(322, 'DEMON SLAYER - Set 2 Chibi Posters - Groupe & Duo...', 'Chaussure pour avoir la classe a dallas ', 21, NULL, 1, 0, 0, 3, 1, 9, 0),
(323, 'BERSERK - Set 2 Chibi Posters - Artworks (52x38) x4', 'Chaussure pour avoir la classe a dallas ', 21, NULL, 1, 0, 0, 3, 1, 9, 0),
(324, 'CRASH BANDICOOT - Poster \"Crash classique\" roulé...', 'Chaussure pour avoir la classe a dallas ', 21, NULL, 1, 0, 0, 3, 1, 9, 0),
(325, 'FRIENDS - Poster «Friends» roulé filmé (91.5x61)', 'Chaussure pour avoir la classe a dallas ', 21, NULL, 1, 0, 0, 3, 1, 9, 0),
(326, 'DRAGON BALL - Poster \"Shenron\" roulé filmé (91.5x61)', 'Chaussure pour avoir la classe a dallas ', 210, NULL, 1, 0, 0, 3, 1, 9, 0),
(327, 'DRAGON BALL SUPER - Poster - \"Transformations\"-...', 'Chaussure pour avoir la classe a dallas ', 21, NULL, 1, 0, 0, 3, 1, 9, 0),
(328, 'TOKYO GHOUL - Poster - \"Groupe\"- roulé filmé (91.5x61)', 'Chaussure pour avoir la classe a dallas ', 21, NULL, 1, 0, 0, 3, 1, 9, 0),
(329, 'NARUTO SHIPPUDEN - Poster \"Naruto vs Sasuke\"(91.5x61)', 'Chaussure pour avoir la classe a dallas ', 21, NULL, 1, 0, 0, 3, 1, 9, 0),
(330, 'FRIENDS - Poster «Central Perk» roulé filmé (91.5x61)', 'Chaussure pour avoir la classe a dallas ', 21, NULL, 1, 0, 0, 3, 1, 9, 0),
(331, 'POKEMON - Evoli Evolutions - Poster roulé filmé...', 'Chaussure pour avoir la classe a dallas ', 21, NULL, 1, 0, 0, 3, 1, 9, 0),
(332, 'POKEMON - Pikachu Clin d Oeil - Poster roulé filmé...', 'Chaussure pour avoir la classe a dallas ', 21, NULL, 1, 0, 0, 3, 1, 9, 0),
(333, 'POKEMON - Pikachu Dodo - Poster roulé filmé (91.5x61)*', 'Chaussure pour avoir la classe a dallas ', 21, NULL, 1, 0, 0, 3, 1, 9, 0),
(334, 'POKEMON - Pikachu Néon - Poster roulé filmé (91.5x61)', 'Chaussure pour avoir la classe a dallas ', 21, NULL, 1, 0, 0, 3, 1, 9, 0),
(335, 'Yanis Pirlet', 'test de la description pour voir de loccaeqs', 25, '2645003022985', 1, NULL, NULL, NULL, NULL, NULL, 4),
(340, 'poster de test ', 'test de la description pour voir ', 100, '2645003022964', 1, 92, 80, 2, 1, 6, 0),
(341, 'postrt lddpf', 'test de la description pour voir ', 100, '8050596666', 1, 123, 80, 2, 2, 5, 0);

-- --------------------------------------------------------

--
-- Structure de la table `categories`
--

DROP TABLE IF EXISTS `categories`;
CREATE TABLE IF NOT EXISTS `categories` (
  `id_categories` int(11) NOT NULL AUTO_INCREMENT,
  `nom_categories` varchar(50) NOT NULL,
  PRIMARY KEY (`id_categories`)
) ENGINE=InnoDB AUTO_INCREMENT=4 DEFAULT CHARSET=utf8;

--
-- Déchargement des données de la table `categories`
--

INSERT INTO `categories` (`id_categories`, `nom_categories`) VALUES
(1, 'Anime'),
(2, 'Series'),
(3, 'Films');

-- --------------------------------------------------------

--
-- Structure de la table `genres`
--

DROP TABLE IF EXISTS `genres`;
CREATE TABLE IF NOT EXISTS `genres` (
  `id_genres` int(11) NOT NULL AUTO_INCREMENT,
  `nom_genres` varchar(50) NOT NULL,
  PRIMARY KEY (`id_genres`)
) ENGINE=InnoDB AUTO_INCREMENT=5 DEFAULT CHARSET=utf8;

--
-- Déchargement des données de la table `genres`
--

INSERT INTO `genres` (`id_genres`, `nom_genres`) VALUES
(1, 'Petit format'),
(2, 'Grand format'),
(3, 'Posters porte'),
(4, 'Posters en cadre');

-- --------------------------------------------------------

--
-- Structure de la table `images`
--

DROP TABLE IF EXISTS `images`;
CREATE TABLE IF NOT EXISTS `images` (
  `id_images` int(11) NOT NULL AUTO_INCREMENT,
  `nom_images` varchar(255) NOT NULL,
  `url_images` varchar(255) NOT NULL,
  `id_articles` int(11) DEFAULT NULL,
  PRIMARY KEY (`id_images`),
  KEY `images_articles_FK` (`id_articles`)
) ENGINE=InnoDB AUTO_INCREMENT=336 DEFAULT CHARSET=utf8;

--
-- Déchargement des données de la table `images`
--

INSERT INTO `images` (`id_images`, `nom_images`, `url_images`, `id_articles`) VALUES
(1, 'logo.png', 'assets/uploads/631ec08661c580.57000803.png', 1),
(2, '', 'assets/img/presentation.jpg', 2),
(3, '', 'assets/img/presentation.jpg', 3),
(4, '', 'assets/img/presentation.jpg', 4),
(5, '', 'assets/img/presentation.jpg', 5),
(6, '', 'assets/img/presentation.jpg', 6),
(7, '', 'assets/img/presentation.jpg', 7),
(8, '', 'assets/img/presentation.jpg', 8),
(9, '', 'assets/img/presentation.jpg', 9),
(10, '', 'assets/img/presentation.jpg', 10),
(11, '', 'assets/img/presentation.jpg', 11),
(12, '', 'assets/img/presentation.jpg', 12),
(13, '', 'assets/img/presentation.jpg', 13),
(14, '', 'assets/img/presentation.jpg', 14),
(15, '', 'assets/img/presentation.jpg', 15),
(16, '', 'assets/img/presentation.jpg', 16),
(17, '', 'assets/img/presentation.jpg', 17),
(18, '', 'assets/img/presentation.jpg', 18),
(19, '', 'assets/img/presentation.jpg', 19),
(20, '', 'assets/img/presentation.jpg', 20),
(21, '', 'assets/img/presentation.jpg', 21),
(22, '', 'assets/img/presentation.jpg', 22),
(23, '', 'assets/img/presentation.jpg', 23),
(24, '', 'assets/img/presentation.jpg', 24),
(25, '', 'assets/img/presentation.jpg', 25),
(26, '', 'assets/img/presentation.jpg', 26),
(27, '', 'assets/img/presentation.jpg', 27),
(28, '', 'assets/img/presentation.jpg', 28),
(29, '', 'assets/img/presentation.jpg', 29),
(30, '', 'assets/img/presentation.jpg', 30),
(31, '', 'assets/img/presentation.jpg', 31),
(32, '', 'assets/img/presentation.jpg', 32),
(33, '', 'assets/img/presentation.jpg', 33),
(34, '', 'assets/img/presentation.jpg', 34),
(35, '', 'assets/img/presentation.jpg', 35),
(36, '', 'assets/img/presentation.jpg', 36),
(37, '', 'assets/img/presentation.jpg', 37),
(38, '', 'assets/img/presentation.jpg', 38),
(39, '', 'assets/img/presentation.jpg', 39),
(40, '', 'assets/img/presentation.jpg', 40),
(41, '', 'assets/img/presentation.jpg', 41),
(42, '', 'assets/img/presentation.jpg', 42),
(43, '', 'assets/img/presentation.jpg', 43),
(44, '', 'assets/img/presentation.jpg', 44),
(45, '', 'assets/img/presentation.jpg', 45),
(46, '', 'assets/img/presentation.jpg', 46),
(47, '', 'assets/img/presentation.jpg', 47),
(48, '', 'assets/img/presentation.jpg', 48),
(49, '', 'assets/img/presentation.jpg', 49),
(50, '', 'assets/img/presentation.jpg', 50),
(51, '', 'assets/img/presentation.jpg', 51),
(52, '', 'assets/img/presentation.jpg', 52),
(53, '', 'assets/img/presentation.jpg', 53),
(54, '', 'assets/img/presentation.jpg', 54),
(55, '', 'assets/img/presentation.jpg', 55),
(56, '', 'assets/img/presentation.jpg', 56),
(57, '', 'assets/img/presentation.jpg', 57),
(58, '', 'assets/img/presentation.jpg', 58),
(59, '', 'assets/img/presentation.jpg', 59),
(60, '', 'assets/img/presentation.jpg', 60),
(61, '', 'assets/img/presentation.jpg', 61),
(62, '', 'assets/img/presentation.jpg', 62),
(63, '', 'assets/img/presentation.jpg', 63),
(64, '', 'assets/img/presentation.jpg', 64),
(65, '', 'assets/img/presentation.jpg', 65),
(66, '', 'assets/img/presentation.jpg', 66),
(67, '', 'assets/img/presentation.jpg', 67),
(68, '', 'assets/img/presentation.jpg', 68),
(69, '', 'assets/img/presentation.jpg', 69),
(70, '', 'assets/img/presentation.jpg', 70),
(71, '', 'assets/img/presentation.jpg', 71),
(72, '', 'https://trade.abyssecorp.com/fr/posters-grand-format/198879-minions-poster-il-etait-une-fois-gru-roule-filme-915x61-3665361058960.html', 72),
(73, '', 'https://trade.abyssecorp.com/fr/posters-petit-format/197996-the-shield-hero-set-2-chibi-posters-groupe-duo-52x38-x4-3665361064732.html', 73),
(74, '', 'https://trade.abyssecorp.com/fr/posters-petit-format/197999-death-note-set-2-chibi-posters-light-death-note-52x38-x4-3665361077473.html', 74),
(75, '', 'https://trade.abyssecorp.com/fr/posters-petit-format/198186-toilet-bound-hanako-kun-poster-academie-kamome-52x38-3665361075165.html', 75),
(76, '', 'https://trade.abyssecorp.com/fr/posters-petit-format/198604-attack-on-titan-poster-paradis-vs-mahr-52x38-3665361081432.html', 76),
(77, '', 'https://trade.abyssecorp.com/fr/posters-petit-format/198612-one-punch-man-poster-saitama-vs-monstres-52x38-3665361080794.html', 77),
(78, '', 'https://trade.abyssecorp.com/fr/posters-grand-format/198450-sonic-poster-groupe-915x61-3665361081364.html', 78),
(79, '', 'https://trade.abyssecorp.com/fr/posters-grand-format/198959-attack-on-titan-poster-s4-key-art-roule-filme-915x61-3665361080954.html', 79),
(80, '', 'https://trade.abyssecorp.com/fr/posters-grand-format/198994-the-seven-deadly-sins-s3-poster-meliodas-sins-roule-915x61-3665361079668.html', 80),
(81, '', 'https://trade.abyssecorp.com/fr/posters-grand-format/197585-avatar-poster-maitrise-des-elements-roule-filme-915x61-3665361072959.html', 81),
(82, '', 'https://trade.abyssecorp.com/fr/posters-grand-format/198145-jujutsu-kaisen-poster-itadori-sukuna-roule-filme-915x61-3665361073482.html', 82),
(83, '', 'https://trade.abyssecorp.com/fr/posters-grand-format/198547-apex-legends-group-shot-poster-roule-filme-915x61-5028486484119.html', 83),
(84, '', 'https://trade.abyssecorp.com/fr/posters-grand-format/198339-fantastic-beasts-poster-affiche-film-roule-filme-915x61-3665361082583.html', 84),
(85, '', 'https://trade.abyssecorp.com/fr/posters-grand-format/198342-fantastic-beasts-poster-dumbledore-vs-grindelwald-915x61-3665361078623.html', 85),
(86, '', 'https://trade.abyssecorp.com/fr/posters-grand-format/198344-fantastic-beasts-poster-casting-roule-filme-915x61-3665361078609.html', 86),
(87, '', 'https://trade.abyssecorp.com/fr/posters-grand-format/198356-fantastic-beasts-poster-niffleur-pickett-roule-filme-915x61-3665361079941.html', 87),
(88, '', 'https://trade.abyssecorp.com/fr/posters-grand-format/198718-jurassic-world-poster-back-country-roule-filme-915x61-3665361079972.html', 88),
(89, '', 'https://trade.abyssecorp.com/fr/posters-petit-format/197611-avatar-set-2-chibi-posters-appa-carte-52x38-x4-3665361073840.html', 89),
(90, '', 'https://trade.abyssecorp.com/fr/posters-petit-format/197997-junji-ito-set-2-chibi-posters-souichi-et-tomie-52x38-x4-3665361077855.html', 90),
(91, '', 'https://trade.abyssecorp.com/fr/posters-grand-format/198812-one-piece-poster-1000-logs-combat-final-roule-filme-915x61-3665361078159.html', 91),
(92, '', 'https://trade.abyssecorp.com/fr/posters-petit-format/198000-yu-gi-oh-set-2-chibi-posters-yugi-et-kaiba-52x38-x4-3665361077879.html', 92),
(93, '', 'https://trade.abyssecorp.com/fr/posters-grand-format/197696-mortal-kombat-poster-scorpion-vs-sub-zero-roule-filme-915x61-3665361072089.html', 93),
(94, '', 'https://trade.abyssecorp.com/fr/posters-grand-format/197821-the-promised-neverland-poster-trio-roule-filme-915x61-3665361077831.html', 94),
(95, '', 'https://trade.abyssecorp.com/fr/posters-grand-format/197824-cardcaptor-sakura-poster-groupe-roule-filme-915x61-3665361072522.html', 95),
(96, '', 'https://trade.abyssecorp.com/fr/posters-grand-format/197829-the-promised-neverland-poster-groupe-roule-filme-915x61-3665361074397.html', 96),
(97, '', 'https://trade.abyssecorp.com/fr/divers-deco-murale/198154-jujutsu-kaisen-tirage-encadre-itadori-sukuna-x2-3665361079514.html', 97),
(98, '', 'https://trade.abyssecorp.com/fr/divers-deco-murale/198222-peaky-blinders-tirage-encadre-ordre-x2-3665361078586.html', 98),
(99, '', 'https://trade.abyssecorp.com/fr/tirages-encadres/198235-peaky-blinders-tirage-encadre-whiskey-x2-3665361078548.html', 99),
(100, '', 'https://trade.abyssecorp.com/fr/divers-deco-murale/198353-fantastic-beasts-tirage-encadre-albus-dumbledore-x2-3665361077817.html', 100),
(101, '', 'https://trade.abyssecorp.com/fr/tirages-encadres/198461-harry-potter-tirage-encadre-rogue-toujours-x2-5028486383276.html', 101),
(102, '', 'https://trade.abyssecorp.com/fr/divers-deco-murale/198463-dc-comics-tirage-encadre-suicide-squad-harley-quinn-x2-5028486361656.html', 102),
(103, '', 'https://trade.abyssecorp.com/fr/tirages-encadres/198468-harry-potter-tirage-encadre-je-jure-solennellement-x2-5028486341740.html', 103),
(104, '', 'https://trade.abyssecorp.com/fr/divers-deco-murale/198470-dc-comics-tirage-encadre-the-killing-joke-x2-5028486357277.html', 104),
(105, '', 'https://trade.abyssecorp.com/fr/tirages-encadres/198471-harry-potter-tirage-encadre-indesirable-n1-x2-5028486269068.html', 105),
(106, '', 'https://trade.abyssecorp.com/fr/divers-deco-murale/198472-dc-comics-tirage-encadre-batman-stalker-x2-5028486253098.html', 106),
(107, '', 'https://trade.abyssecorp.com/fr/divers-deco-murale/198473-peaky-blinders-tirage-encadre-shelby-company-x2-5028486416936.html', 107),
(108, '', 'https://trade.abyssecorp.com/fr/divers-deco-murale/198485-one-piece-tirage-encadre-thousand-sunny-x2-3665361080619.html', 108),
(109, '', 'https://trade.abyssecorp.com/fr/divers-deco-murale/198486-yu-gi-oh-tirage-encadre-tablette-egyptienne-x2-3665361077770.html', 109),
(110, '', 'https://trade.abyssecorp.com/fr/divers-deco-murale/198487-one-piece-tirage-encadre-luffy-a-wano-artwork-x2-3665361080541.html', 110),
(111, '', 'https://trade.abyssecorp.com/fr/divers-deco-murale/198488-attack-on-titan-tirage-encadre-s4-key-art-3-x2-3665361080978.html', 111),
(112, '', 'https://trade.abyssecorp.com/fr/divers-deco-murale/198489-attack-on-titan-tirage-encadre-levi-eren-x2-5028486286744.html', 112),
(113, '', 'https://trade.abyssecorp.com/fr/divers-deco-murale/198490-yu-gi-oh-tirage-encadre-joey-yugi-kaiba-x2-3665361077763.html', 113),
(114, '', 'https://trade.abyssecorp.com/fr/divers-deco-murale/198491-attack-on-titan-tirage-encadre-s4-key-art-2-x2-3665361080961.html', 114),
(115, '', 'https://trade.abyssecorp.com/fr/tirages-encadres/198536-spice-girls-tirage-encadre-groupe-shot-x2-3665361078647.html', 115),
(116, '', 'https://trade.abyssecorp.com/fr/tirages-encadres/198539-david-bowie-tirage-encadre-dansons-x2-3665361079323.html', 116),
(117, '', 'https://trade.abyssecorp.com/fr/tirages-encadres/198540-david-bowie-tirage-encadre-mick-rock-x2-3665361079330.html', 117),
(118, '', 'https://trade.abyssecorp.com/fr/tirages-encadres/198543-spice-girls-tirage-encadre-canape-rose-x2-3665361078630.html', 118),
(119, '', 'https://trade.abyssecorp.com/fr/posters-petit-format/197911-dc-comics-set-2-chibi-posters-batman-et-joker-52-x-38-x4-3665361075417.html', 119),
(120, '', 'https://trade.abyssecorp.com/fr/posters-petit-format/197912-demon-slayer-set-2-chibi-posters-series-2-52x38-x4-3665361077312.html', 120),
(121, '', 'https://trade.abyssecorp.com/fr/posters-grand-format/196754-demon-slayer-poster-tanjiro-urukodaki-roule-filme-915x61-3665361070160.html', 121),
(122, '', 'https://trade.abyssecorp.com/fr/posters-grand-format/196767-demon-slayer-poster-tanjiro-nezuko-roule-filme915x61-3665361070177.html', 122),
(123, '', 'https://trade.abyssecorp.com/fr/posters-grand-format/197449-assassination-classroom-poster-groupe-foret-roule-filme-915x61-3665361070863.html', 123),
(124, '', 'https://trade.abyssecorp.com/fr/posters-grand-format/197454-boruto-poster-groupe-konoha-roule-filme-915x61-3665361073291.html', 124),
(125, '', 'https://trade.abyssecorp.com/fr/posters-grand-format/197908-yu-gi-oh-poster-yugi-slifer-et-magicien-roule-filme-915x61-3665361077800.html', 125),
(126, '', 'https://trade.abyssecorp.com/fr/posters-grand-format/197993-junji-ito-poster-key-art-roule-filme-915-x-61-3665361074311.html', 126),
(127, '', 'https://trade.abyssecorp.com/fr/posters-grand-format/197994-slime-poster-group-915x61-3665361074021.html', 127),
(128, '', 'https://trade.abyssecorp.com/fr/posters-grand-format/196781-demon-slayer-poster-tanjiro-nezuko-neige-roule-filme915x61-3665361070184.html', 128),
(129, '', 'https://trade.abyssecorp.com/fr/posters-grand-format/197767-minecraft-dans-la-mine-poster-roule-filme-915x61-5028486490325.html', 129),
(130, '', 'https://trade.abyssecorp.com/fr/posters-grand-format/197769-minecraft-un-dernier-diamant-poster-roule-filme-915x61-5028486490318.html', 130),
(131, '', 'https://trade.abyssecorp.com/fr/posters-petit-format/198163-attack-on-titan-poster-s4-mikasa-52x38-3665361081388.html', 131),
(132, '', 'https://trade.abyssecorp.com/fr/posters-petit-format/198164-attack-on-titan-poster-s4-groupe-52x38-3665361081425.html', 132),
(133, '', 'https://trade.abyssecorp.com/fr/posters-petit-format/198165-attack-on-titan-poster-s4-levi-52x38-3665361081371.html', 133),
(134, '', 'https://trade.abyssecorp.com/fr/posters-petit-format/198166-junji-ito-poster-tomie-kawakami-52x38-3665361074298.html', 134),
(135, '', 'https://trade.abyssecorp.com/fr/posters-petit-format/198189-toilet-bound-hanako-kun-poster-hanako-kun-52x38-3665361075219.html', 135),
(136, '', 'https://trade.abyssecorp.com/fr/posters-grand-format/197773-dune-poster-dune-partie-1-roule-filme-915x61-except-czesk-3665361078555.html', 136),
(137, '', 'https://trade.abyssecorp.com/fr/posters-grand-format/198036-dc-comics-poster-the-batman-homme-mystere-roule-filme-915x61-3665361075493.html', 137),
(138, '', 'https://trade.abyssecorp.com/fr/posters-grand-format/198040-dc-comics-poster-the-batman-shadows-roule-filme-915x61-3665361075486.html', 138),
(139, '', 'https://trade.abyssecorp.com/fr/posters-petit-format/198150-jujutsu-kaisen-poster-tokyo-vs-kyoto-52x38-3665361077794.html', 139),
(140, '', 'https://trade.abyssecorp.com/fr/posters-petit-format/198152-jujutsu-kaisen-poster-artwork-52x38-3665361073475.html', 140),
(141, '', 'https://trade.abyssecorp.com/fr/posters-petit-format/197591-slime-set-2-chibi-posters-artworks-52x38-x4-3665361072720.html', 141),
(142, '', 'https://trade.abyssecorp.com/fr/posters-petit-format/197594-cardcaptor-sakura-set-2-chibi-posters-artworks-52x38-x4-3665361072546.html', 142),
(143, '', 'https://trade.abyssecorp.com/fr/posters-grand-format/197766-harry-potter-patronus-cerf-poster-roule-filme-915x61-5028486385034.html', 143),
(144, '', 'https://trade.abyssecorp.com/fr/posters-grand-format/197771-harry-potter-embleme-animaux-poster-roule-filme-915x61-5028486486717.html', 144),
(145, '', 'https://trade.abyssecorp.com/fr/posters-petit-format/197913-demon-slayer-poster-tanjiro-et-nezuko-position-de-combat-52x38-3665361075080.html', 145),
(146, '', 'https://trade.abyssecorp.com/fr/posters-petit-format/197914-naruto-poster-naruto-embleme-konoha-52x38-3665361067528.html', 146),
(147, '', 'https://trade.abyssecorp.com/fr/posters-grand-format/197756-harry-potter-collection-poster-roule-filme-915x61-5028486174904.html', 147),
(148, '', 'https://trade.abyssecorp.com/fr/posters-grand-format/197757-doctor-who-tardis-bd-poster-roule-filme-915x61-5028486274697.html', 148),
(149, '', 'https://trade.abyssecorp.com/fr/posters-grand-format/197760-pokemon-vignettes-poster-roule-filme-915x61-5028486358762.html', 149),
(150, '', 'https://trade.abyssecorp.com/fr/posters-grand-format/197761-les-dents-de-la-mer-key-art-poster-roule-filme-915x61-5028486419982.html', 150),
(151, '', 'https://trade.abyssecorp.com/fr/posters-grand-format/197768-doctor-who-explosion-tardis-poster-roule-filme-915x61-5028486241026.html', 151),
(152, '', 'https://trade.abyssecorp.com/fr/posters-grand-format/197772-fallout-vault-forever-roule-filme-915x61-5028486344765.html', 152),
(153, '', 'https://trade.abyssecorp.com/fr/posters-grand-format/197823-demon-slayer-poster-groupe-roule-filme-915-x-61-3665361074571.html', 153),
(154, '', 'https://trade.abyssecorp.com/fr/posters-grand-format/197842-matrix-poster-hello-neo-roule-filme-915x61-3665361077527.html', 154),
(155, '', 'https://trade.abyssecorp.com/fr/posters-grand-format/197846-matrix-poster-chat-roule-filme-915x61-3665361077510.html', 155),
(156, '', 'https://trade.abyssecorp.com/fr/posters-grand-format/196410-my-hero-academia-poster-eri-izuku-roule-filme-915x61-3665361067542.html', 156),
(157, '', 'https://trade.abyssecorp.com/fr/posters-grand-format/196411-my-hero-academia-poster-eri-groupe-roule-filme-915x61-3665361067535.html', 157),
(158, '', 'https://trade.abyssecorp.com/fr/posters-grand-format/196413-sailor-moon-poster-luna-artemis-diana-roule-filme-915x61-3665361067559.html', 158),
(159, '', 'https://trade.abyssecorp.com/fr/posters-grand-format/196924-harry-potter-poster-liste-d-ecole-roule-filme-915x61-3665361065524.html', 159),
(160, '', 'https://trade.abyssecorp.com/fr/posters-grand-format/196925-death-note-poster-groupe-roule-filme-915x61-3665361060598.html', 160),
(161, '', 'https://trade.abyssecorp.com/fr/posters-grand-format/197356-the-big-bang-theory-poster-casting-roule-filme-915x61-3665361067078.html', 161),
(162, '', 'https://trade.abyssecorp.com/fr/posters-grand-format/197409-riverdale-groupe-saison-un-poster-roule-filme-915x61-5028486419098.html', 162),
(163, '', 'https://trade.abyssecorp.com/fr/posters-grand-format/197422-minecraft-overworld-biome-poster-roule-filme-915x61-5028486408665.html', 163),
(164, '', 'https://trade.abyssecorp.com/fr/posters-grand-format/197452-attack-on-titan-s2-key-art-poster-roule-filme-915x61-5028486386673.html', 164),
(165, '', 'https://trade.abyssecorp.com/fr/posters-grand-format/197455-pokemon-pikachu-poster-roule-filme-915x61-5028486413867.html', 165),
(166, '', 'https://trade.abyssecorp.com/fr/divers-deco-murale/197932-pokemon-tirage-encadre-starters-kanto-x2-5028486367672.html', 166),
(167, '', 'https://trade.abyssecorp.com/fr/tirages-encadres/197935-pokemon-tirage-encadre-pokeballs-x2-5028486352166.html', 167),
(168, '', 'https://trade.abyssecorp.com/fr/posters-grand-format/197401-five-nights-at-freddy-s-groupe-poster-roule-filme-915x61-5028486372607.html', 168),
(169, '', 'https://trade.abyssecorp.com/fr/posters-grand-format/197403-vikings-paysage-ensanglante-poster-roule-filme-915x61-5028486292462.html', 169),
(170, '', 'https://trade.abyssecorp.com/fr/posters-grand-format/197453-pokemon-evoli-poster-roule-filme-915x61-5028486361649.html', 170),
(171, '', 'https://trade.abyssecorp.com/fr/tirages-encadres/197867-pokemon-tirage-encadre-team-rocket-x2-5028486369829.html', 171),
(172, '', 'https://trade.abyssecorp.com/fr/divers-deco-murale/197870-pokemon-tirage-encadre-ronflex-x2-5028486369812.html', 172),
(173, '', 'https://trade.abyssecorp.com/fr/divers-deco-murale/197379-magic-the-gathering-tirage-encadre-liliana-x2-5028486425792.html', 173),
(174, '', 'https://trade.abyssecorp.com/fr/divers-deco-murale/197380-the-last-of-us-tirage-encadre-ellie-x2-5028486425679.html', 174),
(175, '', 'https://trade.abyssecorp.com/fr/divers-deco-murale/197381-five-nights-at-freddy-s-tirage-encadre-quad-x2-5028486370863.html', 175),
(176, '', 'https://trade.abyssecorp.com/fr/divers-deco-murale/197534-re-zero-tirage-encadre-key-art-x2-5028486382781.html', 176),
(177, '', 'https://trade.abyssecorp.com/fr/divers-deco-murale/197543-tokyo-ghoul-re-tirage-encadre-red-flowers-x2-5028486485024.html', 177),
(178, '', 'https://trade.abyssecorp.com/fr/divers-deco-murale/197858-vikings-tirage-encadre-keyart-x2-5028486383634.html', 178),
(179, '', 'https://trade.abyssecorp.com/fr/divers-deco-murale/197859-hatsune-miku-tirage-encadre-unite-kuroshishi-x2-5028486423484.html', 179),
(180, '', 'https://trade.abyssecorp.com/fr/tirages-encadres/197869-pokemon-tirage-encadre-starters-x2-5028486420247.html', 180),
(181, '', 'https://trade.abyssecorp.com/fr/divers-deco-murale/197871-skyrim-tirage-encadre-armure-daedrique-x2-5028486363391.html', 181),
(182, '', 'https://trade.abyssecorp.com/fr/divers-deco-murale/197872-doom-tirage-encadre-marine-x2-5028486347766.html', 182),
(183, '', 'https://trade.abyssecorp.com/fr/doctor-who/197875-doctor-who-tirage-encadre-comics-mechants-x2-5028486378609.html', 183),
(184, '', 'https://trade.abyssecorp.com/fr/divers-deco-murale/197876-donjons-et-dragons-tirage-encadre-guide-du-maitre-x2-5028486424696.html', 184),
(185, '', 'https://trade.abyssecorp.com/fr/divers-deco-murale/197877-donjons-et-dragons-tirage-encadre-monster-manual-x2-5028486424689.html', 185),
(186, '', 'https://trade.abyssecorp.com/fr/divers-deco-murale/197879-fallout-tirage-encadre-nuka-cola-x2-5028486346493.html', 186),
(187, '', 'https://trade.abyssecorp.com/fr/divers-deco-murale/197865-fortnite-tirage-encadre-dine-n-dash-x2-5028486482856.html', 187),
(188, '', 'https://trade.abyssecorp.com/fr/divers-deco-murale/197866-fortnite-tirage-encadre-spring-break-peely-x2-5028486482863.html', 188),
(189, '', 'https://trade.abyssecorp.com/fr/posters-grand-format/196804-ac-dc-poster-highway-to-hell-roule-filme-915x61-5028486341832.html', 189),
(190, '', 'https://trade.abyssecorp.com/fr/posters-grand-format/197110-queen-poster-pochettes-roule-filme-915x61-5028486081868.html', 190),
(191, '', 'https://trade.abyssecorp.com/fr/posters-grand-format/197111-queen-poster-groupe-roule-filme-915x61-5028486198207.html', 191),
(192, '', 'https://trade.abyssecorp.com/fr/posters-grand-format/197112-queen-poster-queen-ii-roule-filme-915x61-5028486483341.html', 192),
(193, '', 'https://trade.abyssecorp.com/fr/posters-grand-format/197114-queen-poster-couronne-roule-filme-915x61-5028486081875.html', 193),
(194, '', 'https://trade.abyssecorp.com/fr/posters-grand-format/197115-queen-poster-wembley-roule-filme-915x61-5028486081844.html', 194),
(195, '', 'https://trade.abyssecorp.com/fr/posters-grand-format/197126-pink-floyd-poster-dark-side-of-the-moon-roule-filme-915x61-5028486135233.html', 195),
(196, '', 'https://trade.abyssecorp.com/fr/posters-grand-format/197127-the-beatles-poster-abbey-road-roule-filme-915x61-5028486010790.html', 196),
(197, '', 'https://trade.abyssecorp.com/fr/posters-grand-format/197129-the-beatles-poster-yellow-submarine-cover-roule-filme-915x61-5028486011223.html', 197),
(198, '', 'https://trade.abyssecorp.com/fr/posters-grand-format/197130-the-beatles-poster-yellow-submarine-roule-filme-915x61-5028486122899.html', 198),
(199, '', 'https://trade.abyssecorp.com/fr/posters-grand-format/197132-pink-floyd-poster-rainbow-theatre-roule-filme-915x61-5028486408573.html', 199),
(200, '', 'https://trade.abyssecorp.com/fr/posters-grand-format/197133-guns-n-roses-poster-appetite-roule-filme-915x61-5028486052370.html', 200),
(201, '', 'https://trade.abyssecorp.com/fr/posters-grand-format/197134-the-beatles-poster-morceaux-abbey-road-roule-filme-915x61-5028486327584.html', 201),
(202, '', 'https://trade.abyssecorp.com/fr/posters-grand-format/197135-pink-floyd-poster-wish-you-were-here-roule-filme-915x61-5028486135523.html', 202),
(203, '', 'https://trade.abyssecorp.com/fr/posters-grand-format/197137-the-beatles-poster-lonely-hearts-club-roule-filme-915x61-5028486086948.html', 203),
(204, '', 'https://trade.abyssecorp.com/fr/posters-grand-format/197140-ariana-grande-poster-accroupie-roule-filme-915x61-5028486292776.html', 204),
(205, '', 'https://trade.abyssecorp.com/fr/posters-grand-format/197146-billie-eilish-poster-album-roule-filme-915x61-5028486421015.html', 205),
(206, '', 'https://trade.abyssecorp.com/fr/posters-grand-format/197147-arctic-monkeys-poster-bateau-roule-filme-915x61-5028486075676.html', 206),
(207, '', 'https://trade.abyssecorp.com/fr/posters-grand-format/197150-eminem-poster-cornes-roule-filme-915x61-5028486248773.html', 207),
(208, '', 'https://trade.abyssecorp.com/fr/posters-grand-format/197151-billie-eilish-poster-ghoul-roule-filme-915x61-5028486421022.html', 208),
(209, '', 'https://trade.abyssecorp.com/fr/posters-grand-format/197153-tupac-poster-fumee-roule-filme-915x61-5028486332359.html', 209),
(210, '', 'https://trade.abyssecorp.com/fr/posters-grand-format/197155-the-1975-poster-album-roule-filme-915x61-5028486361199.html', 210),
(211, '', 'https://trade.abyssecorp.com/fr/posters-grand-format/197156-the-cure-poster-boys-dont-cry-roule-filme-915x61-5028486414192.html', 211),
(212, '', 'https://trade.abyssecorp.com/fr/posters-grand-format/197157-ariana-grande-poster-assise-roule-filme-915x61-5028486283361.html', 212),
(213, '', 'https://trade.abyssecorp.com/fr/posters-grand-format/197158-black-pink-poster-groupe-rose-roule-filme-915x61-5028486481750.html', 213),
(214, '', 'https://trade.abyssecorp.com/fr/posters-grand-format/197162-the-beatles-poster-albums-roule-filme-915x61-5028486372232.html', 214),
(215, '', 'https://trade.abyssecorp.com/fr/posters-grand-format/197164-the-beatles-poster-sgt-pepper-roule-filme-915x61-5028486046492.html', 215),
(216, '', 'https://trade.abyssecorp.com/fr/posters-grand-format/197165-the-beatles-poster-let-it-be-roule-filme-915x61-5028486481569.html', 216),
(217, '', 'https://trade.abyssecorp.com/fr/posters-grand-format/197167-black-pink-poster-bp-rose-roule-filme-915x61-5028486481125.html', 217),
(218, '', 'https://trade.abyssecorp.com/fr/posters-grand-format/197168-pink-floyd-poster-back-catalogue-roule-filme-915x61-5028486135226.html', 218),
(219, '', 'https://trade.abyssecorp.com/fr/posters-grand-format/197169-billie-eilish-poster-stickman-roule-filme-915x61-5028486423781.html', 219),
(220, '', 'https://trade.abyssecorp.com/fr/posters-grand-format/197170-guns-n-roses-poster-illusion-roule-filme-915x61-5028486379378.html', 220),
(221, '', 'https://trade.abyssecorp.com/fr/posters-grand-format/197172-guns-n-roses-poster-logo-roule-filme-915x61-5028486048083.html', 221),
(222, '', 'https://trade.abyssecorp.com/fr/posters-grand-format/197173-the-beatles-poster-a-londres-roule-filme-915x61-5028486039210.html', 222),
(223, '', 'https://trade.abyssecorp.com/fr/posters-petit-format/196592-demon-slayer-poster-tanjiro-nezuko-neige-52x38-3665361068860.html', 223),
(224, '', 'https://trade.abyssecorp.com/fr/posters-grand-format/197154-the-rolling-stones-poster-levres-roule-filme-915x61-5028486225309.html', 224),
(225, '', 'https://trade.abyssecorp.com/fr/posters-petit-format/196920-demon-slayer-poster-kibutsuji-muzan-52x38-3665361072201.html', 225),
(226, '', 'https://trade.abyssecorp.com/fr/posters-petit-format/196945-one-piece-poster-wano-raid-52x38-3665361072409.html', 226),
(227, '', 'https://trade.abyssecorp.com/fr/posters-petit-format/197326-assassination-classroom-poster-groupe-elegant-52x38-3665361070870.html', 227),
(228, '', 'https://trade.abyssecorp.com/fr/posters-petit-format/197327-boruto-poster-boruto-kawaki-52x38-3665361073307.html', 228),
(229, '', 'https://trade.abyssecorp.com/fr/posters-petit-format/197328-hunter-x-hunter-poster-greed-island-52x38-3665361070283.html', 229),
(230, '', 'https://trade.abyssecorp.com/fr/posters-petit-format/197329-cardcaptor-sakura-poster-groupe-52-x-38-3665361056058.html', 230),
(231, '', 'https://trade.abyssecorp.com/fr/posters-petit-format/197330-cardcaptor-sakura-poster-sakura-cartes-52-x-38-3665361072539.html', 231),
(232, '', 'https://trade.abyssecorp.com/fr/posters-grand-format/196052-rick-and-morty-poster-portail-roule-filme-915x61-3665361066767.html', 232),
(233, '', 'https://trade.abyssecorp.com/fr/posters-grand-format/196560-warhammer-40000-poster-sombre-imperium-roule-filme-915x61-3665361068112.html', 233),
(234, '', 'https://trade.abyssecorp.com/fr/posters-grand-format/197145-eminem-poster-doigts-roule-filme-915x61-5028486249046.html', 234),
(235, '', 'https://trade.abyssecorp.com/fr/posters-grand-format/197166-the-beatles-poster-album-blanc-roule-filme-915x61-5028486266951.html', 235),
(236, '', 'https://trade.abyssecorp.com/fr/posters-grand-format/197171-eminem-poster-collage-roule-filme-915x61-5028486227846.html', 236),
(237, '', 'https://trade.abyssecorp.com/fr/posters-grand-format/197270-dr-stone-poster-groupe-roule-filme-915x61-3665361055877.html', 237),
(238, '', 'https://trade.abyssecorp.com/fr/posters-grand-format/197273-hunter-x-hunter-poster-heros-roule-filme-915x61-3665361070276.html', 238),
(239, '', 'https://trade.abyssecorp.com/fr/posters-grand-format/196602-dc-comics-poster-superman-roule-filme-915x61-3665361062950.html', 239),
(240, '', 'https://trade.abyssecorp.com/fr/posters-grand-format/196606-harry-potter-poster-gryffondor-roule-filme-915x61-3665361065517.html', 240),
(241, '', 'https://trade.abyssecorp.com/fr/posters-grand-format/196611-lord-of-the-rings-poster-anneau-unique-roule-filme-915x61-3665361065333.html', 241),
(242, '', 'https://trade.abyssecorp.com/fr/posters-grand-format/196612-lord-of-the-rings-poster-tour-de-sauron-roule-filme-915x61-3665361065326.html', 242),
(243, '', 'https://trade.abyssecorp.com/fr/posters-grand-format/196613-harry-potter-poster-serpentard-roule-filme-915x61-3665361065500.html', 243),
(244, '', 'https://trade.abyssecorp.com/fr/divers-deco-murale/197199-pokemon-tirage-encadre-red-v-blue-x2-5028486354733.html', 244),
(245, '', 'https://trade.abyssecorp.com/fr/divers-deco-murale/197200-minecraft-tirage-encadre-world-x2-5028486383351.html', 245),
(246, '', 'https://trade.abyssecorp.com/fr/divers-deco-murale/197201-attack-on-titan-tirage-encadre-key-art-x2-5028486385348.html', 246),
(247, '', 'https://trade.abyssecorp.com/fr/divers-deco-murale/197202-attack-on-titan-tirage-encadre-smoke-blast-x2-5028486286751.html', 247),
(248, '', 'https://trade.abyssecorp.com/fr/divers-deco-murale/197203-les-dents-de-la-mer-tirage-encadre-key-art-x2-5028486420025.html', 248),
(249, '', 'https://trade.abyssecorp.com/fr/divers-deco-murale/197204-pokemon-tirage-encadre-pikachu-x2-5028486420254.html', 249),
(250, '', 'https://trade.abyssecorp.com/fr/divers-deco-murale/197205-fortnite-tirage-encadre-battle-bus-x2-5028486482849.html', 250),
(251, '', 'https://trade.abyssecorp.com/fr/divers-deco-murale/197206-minecraft-tirage-encadre-epee-de-diamant-x2-5028486378494.html', 251),
(252, '', 'https://trade.abyssecorp.com/fr/divers-deco-murale/197207-peaky-blinders-tirage-encadre-tommy-x2-5028486416486.html', 252),
(253, '', 'https://trade.abyssecorp.com/fr/divers-deco-murale/197208-playstation-tirage-encadre-eat-sleep-repeat-x2-5028486421671.html', 253),
(254, '', 'https://trade.abyssecorp.com/fr/divers-deco-murale/197209-pokemon-tirage-encadre-evoli-x2-5028486352036.html', 254),
(255, '', 'https://trade.abyssecorp.com/fr/divers-deco-murale/197211-pokemon-tirage-encadre-planche-de-bande-dessinee-x2-5028486424900.html', 255),
(256, '', 'https://trade.abyssecorp.com/fr/posters-grand-format/197443-pokemon-kanto151-anglais-poster-roule-filme-915x61-5028486362592.html', 256),
(257, '', 'https://trade.abyssecorp.com/fr/posters-petit-format/196926-hunter-x-hunter-set-2-chibi-posters-groupes-52x38-x4-3665361065739.html', 257),
(258, '', 'https://trade.abyssecorp.com/fr/posters-petit-format/196927-dr-stone-set-2-chibi-posters-arworks-52x38-x4-3665361061618.html', 258),
(259, '', 'https://trade.abyssecorp.com/fr/posters-grand-format/197105-bt21-poster-times-square-roule-filme-915x61-5028486425365.html', 259),
(260, '', 'https://trade.abyssecorp.com/fr/posters-petit-format/196746-one-piece-poster-1000-logs-fete-52x38-3665361069911.html', 260),
(261, '', 'https://trade.abyssecorp.com/fr/posters-petit-format/196050-one-piece-poster-wanted-shanks-52x35-3665361066828.html', 261),
(262, '', 'https://trade.abyssecorp.com/fr/posters-petit-format/196790-demon-slayer-poster-trio-52x38-3665361070153.html', 262),
(263, '', 'https://trade.abyssecorp.com/fr/posters-petit-format/197177-the-promised-neverland-poster-style-photos-identite-52x38-3665361065760.html', 263),
(264, '', 'https://trade.abyssecorp.com/fr/posters-petit-format/197178-the-promised-neverland-poster-maman-orphelins-52x38-3665361065753.html', 264),
(265, '', 'https://trade.abyssecorp.com/fr/posters-petit-format/197183-the-seven-deadly-sins-poster-wanted-52x38-3665361071594.html', 265),
(266, '', 'https://trade.abyssecorp.com/fr/posters-petit-format/197186-sword-art-online-poster-asuna-kirito-aincrad-52x38-3665361064619.html', 266),
(267, '', 'https://trade.abyssecorp.com/fr/posters-grand-format/196910-the-last-of-us-part-ii-ellie-poster-roule-filme-915x61-5028486423545.html', 267),
(268, '', 'https://trade.abyssecorp.com/fr/posters-grand-format/196911-magic-the-gathering-nicol-bolas-roule-filme-915x61-5028486424399.html', 268),
(269, '', 'https://trade.abyssecorp.com/fr/posters-grand-format/196912-tokyo-ghoul-re-key-art-3-poster-roule-filme-915x61-5028486485161.html', 269),
(270, '', 'https://trade.abyssecorp.com/fr/posters-grand-format/196913-re-zero-groupe-poster-roule-filme-915x61-5028486382668.html', 270),
(271, '', 'https://trade.abyssecorp.com/fr/posters-grand-format/196915-fallout-nuka-cola-roule-filme-915x61-5028486337798.html', 271),
(272, '', 'https://trade.abyssecorp.com/fr/posters-grand-format/196916-yuri-on-ice-voiture-poster-roule-filme-915x61-5028486405862.html', 272),
(273, '', 'https://trade.abyssecorp.com/fr/posters-grand-format/196917-donjons-et-dragons-aventure-roule-filme-915x61-5028486425242.html', 273),
(274, '', 'https://trade.abyssecorp.com/fr/posters-grand-format/196918-skyrim-dovahkiin-roule-filme-915x61-5028486347544.html', 274),
(275, '', 'https://trade.abyssecorp.com/fr/posters-grand-format/197125-bts-poster-montage-groupe-roule-filme-915x61-5028486480067.html', 275),
(276, '', 'https://trade.abyssecorp.com/fr/posters-grand-format/197136-bts-poster-groupe-bleu-roule-filme-915x61-5028486425211.html', 276),
(277, '', 'https://trade.abyssecorp.com/fr/posters-grand-format/197139-bts-poster-groupe-lit-roule-filme-915x61-5028486425204.html', 277),
(278, '', 'https://trade.abyssecorp.com/fr/divers-deco-murale/197141-the-beatles-tirage-encadre-yellow-submarine-groupe-x2-5028486258499.html', 278),
(279, '', 'https://trade.abyssecorp.com/fr/divers-deco-murale/197142-the-beatles-tirage-encadre-portrait-a-londres-x2-5028486130474.html', 279),
(280, '', 'https://trade.abyssecorp.com/fr/divers-deco-murale/197143-the-beatles-tirage-encadre-au-fil-des-annees-x2-5028486145737.html', 280),
(281, '', 'https://trade.abyssecorp.com/fr/divers-deco-murale/197148-the-beatles-tirage-encadre-studio-x2-5028486387342.html', 281),
(282, '', 'https://trade.abyssecorp.com/fr/divers-deco-murale/197152-the-beatles-tirage-encadre-abbey-road-x2-5028486130467.html', 282),
(283, '', 'https://trade.abyssecorp.com/fr/posters-grand-format/197160-bts-poster-groupe-roule-filme-915x61-5028486480050.html', 283),
(284, '', 'https://trade.abyssecorp.com/fr/posters-grand-format/197062-dune-poster-le-futur-est-a-l-horizon-roule-filme-915x61-3665361053149.html', 284),
(285, '', 'https://trade.abyssecorp.com/fr/posters-grand-format/197057-dune-poster-la-peur-tue-l-esprit-roule-filme-915x61-3665361053132.html', 285),
(286, '', 'https://trade.abyssecorp.com/fr/posters-grand-format/196594-world-of-warcraft-poster-illidan-hurlorage-roule-filme-915x61-3665361063056.html', 286),
(287, '', 'https://trade.abyssecorp.com/fr/posters-grand-format/196596-naruto-shippuden-poster-naruto-allies-roule-filme-915x61-3665361063315.html', 287),
(288, '', 'https://trade.abyssecorp.com/fr/posters-grand-format/196598-naruto-posterninjas-konoha-roule-filme-915x61-3665361063476.html', 288),
(289, '', 'https://trade.abyssecorp.com/fr/posters-grand-format/196597-naruto-poster-naruto-sasuke-roule-filme-915x61-3665361063445.html', 289),
(290, '', 'https://trade.abyssecorp.com/fr/posters-grand-format/196604-naruto-poster-groupe-roule-filme-915x61-3665361063452.html', 290),
(291, '', 'https://trade.abyssecorp.com/fr/posters-grand-format/196605-dragon-ball-super-poster-festin-roule-filme-915x61-3665361061335.html', 291),
(292, '', 'https://trade.abyssecorp.com/fr/posters-grand-format/196608-harry-potter-poster-indesirable-n1-roule-filme-915x61-3665361065173.html', 292),
(293, '', 'https://trade.abyssecorp.com/fr/posters-grand-format/196610-harry-potter-poster-chateau-de-poudlard-roule-filme-915x61-3665361065166.html', 293),
(294, '', 'https://trade.abyssecorp.com/fr/posters-petit-format/196600-naruto-set-2-chibi-posters-equipe-7-52x38-x4-3665361065364.html', 294),
(295, '', 'https://trade.abyssecorp.com/fr/posters-petit-format/196059-one-piece-poster-wanted-kaido-52x35-3665361066859.html', 295),
(296, '', 'https://trade.abyssecorp.com/fr/posters-petit-format/196063-one-piece-poster-wanted-big-mom-52x35-3665361066835.html', 296),
(297, '', 'https://trade.abyssecorp.com/fr/posters-petit-format/196797-dr-stone-poster-senku-kohaku-chrome-52x38-3665361067290.html', 297),
(298, '', 'https://trade.abyssecorp.com/fr/posters-petit-format/196607-harry-potter-set-2-chibi-posters-retro-poudlarddiagon-52x38-x4-3665361060574.html', 298),
(299, '', 'https://trade.abyssecorp.com/fr/posters-petit-format/196609-harry-potter-set-2-chibi-posters-blason-maraudeurs-52x38-x4-3665361060567.html', 300),
(300, '', 'https://trade.abyssecorp.com/fr/posters-grand-format/196508-looney-tunes-poster-space-jam-roule-filme-915x61-3665361065265.html', 301),
(301, '', 'https://trade.abyssecorp.com/fr/posters-grand-format/196868-dc-comics-poster-harley-quinn-roule-filme-915x61-3665361063049.html', 302),
(302, '', 'https://trade.abyssecorp.com/fr/posters-grand-format/196871-dc-comics-poster-the-suicide-squad-roule-filme-915x61-3665361063179.html', 303),
(303, '', 'https://trade.abyssecorp.com/fr/posters-grand-format/196875-dc-comics-poster-la-fabuleuse-harley-quinn-roule-filme-915x61-3665361063148.html', 304),
(304, '', 'https://trade.abyssecorp.com/fr/posters-petit-format/196021-goblin-slayer-set-2-chibi-posters-groupe-slayer-52x38-x4-3665361054108.html', 305),
(305, '', 'https://trade.abyssecorp.com/fr/posters-petit-format/196023-junji-ito-set-2-chibi-posters-artworks-52x38-x4-3665361055655.html', 306),
(306, '', 'https://trade.abyssecorp.com/fr/posters-petit-format/196025-dr-stone-set-2-chibi-posters-groupe-artwork-52x38-x4-3665361061625.html', 307),
(307, '', 'https://trade.abyssecorp.com/fr/posters-petit-format/196026-naruto-shippuden-set-2-chibi-posters-ninjas-52x38-x4-3665361060222.html', 308),
(308, '', 'https://trade.abyssecorp.com/fr/posters-petit-format/195517-hunter-x-hunter-poster-hisoka-52x38-3665361065722.html', 309),
(309, '', 'https://trade.abyssecorp.com/fr/posters-petit-format/196384-cardcaptor-sakura-poster-sakura-sceptre-52-x-38-3665361066569.html', 310),
(310, '', 'https://trade.abyssecorp.com/fr/posters-petit-format/196385-naruto-poster-naruto-vs-sasuke-52x38-3665361065319.html', 311),
(311, '', 'https://trade.abyssecorp.com/fr/posters-petit-format/196386-radiant-poster-groupe-52x38-3665361064558.html', 312),
(312, '', 'https://trade.abyssecorp.com/fr/posters-petit-format/196387-naruto-poster-equipe-7-52x38-3665361065357.html', 313),
(313, '', 'https://trade.abyssecorp.com/fr/posters-petit-format/196388-jojo-s-bizarre-adventure-poster-golden-wind-52x38-3665361060611.html', 314),
(314, '', 'https://trade.abyssecorp.com/fr/posters-petit-format/196389-cardcaptor-sakura-poster-cartes-52-x-38-3665361066552.html', 315),
(315, '', 'https://trade.abyssecorp.com/fr/posters-petit-format/196390-naruto-poster-kakashi-et-ses-chiens-52x38-3665361065302.html', 316),
(316, '', 'https://trade.abyssecorp.com/fr/posters-petit-format/196574-gto-poster-onizuka-moto-52x38-3665361064534.html', 317),
(317, '', 'https://trade.abyssecorp.com/fr/posters-petit-format/196579-gto-poster-onizuka-52x38-3665361064527.html', 318),
(318, '', 'https://trade.abyssecorp.com/fr/posters-grand-format/197415-fortnite-battle-bus-poster-roule-filme-915x61-5028486481101.html', 319),
(319, '', 'https://trade.abyssecorp.com/fr/posters-grand-format/198156-the-witcher-monde-ouvert-poster-roule-filme-915x61-5028486423613.html', 320),
(320, '', 'https://trade.abyssecorp.com/fr/posters-grand-format/198157-the-witcher-affiche-poster-roule-filme-915x61-5028486485178.html', 321),
(321, '', 'https://trade.abyssecorp.com/fr/posters-grand-format/198158-the-witcher-portrait-geralt-poster-roule-filme-915x61-5028486485185.html', 322),
(322, '', 'https://trade.abyssecorp.com/fr/posters-grand-format/198159-the-witcher-esquisse-geralt-poster-roule-filme-915x61-5028486482122.html', 323),
(323, '', 'https://trade.abyssecorp.com/fr/posters-grand-format/198160-the-witcher-empoisonnement-poster-roule-filme-915x61-5028486482115.html', 324),
(324, '', 'https://trade.abyssecorp.com/fr/posters-petit-format/196022-demon-slayer-set-2-chibi-posters-groupe-duo-52x38-x4-3665361062790.html', 325),
(325, '', 'https://trade.abyssecorp.com/fr/posters-petit-format/196024-berserk-set-2-chibi-posters-artworks-52x38-x4-3665361061588.html', 326),
(326, '', 'https://trade.abyssecorp.com/fr/posters-grand-format/195697-crash-bandicoot-poster-crash-classique-roule-filme-915x61-3665361061571.html', 327),
(327, '', 'https://trade.abyssecorp.com/fr/posters-grand-format/195727-friends-poster-friends-roule-filme-915x61-3665361060543.html', 328),
(328, '', 'https://trade.abyssecorp.com/fr/posters-grand-format/195803-dragon-ball-poster-shenron-roule-filme-915x61-3665361061311.html', 329),
(329, '', 'https://trade.abyssecorp.com/fr/posters-grand-format/195807-dragon-ball-super-poster-transformations-roule-filme-915x61-3665361061328.html', 330),
(330, '', 'https://trade.abyssecorp.com/fr/posters-grand-format/198198-naruto-shippuden-poster-naruto-vs-sasuke915x61-3700789274964.html', 331),
(331, '', 'https://trade.abyssecorp.com/fr/precommandes/194731-tokyo-ghoul-poster-groupe-roule-filme-915x61-3665361060253.html', 332),
(332, '', 'https://trade.abyssecorp.com/fr/posters-grand-format/195732-friends-poster-central-perk-roule-filme-915x61-3665361060550.html', 333),
(333, '', 'https://trade.abyssecorp.com/fr/posters-grand-format/195849-pokemon-evoli-evolutions-poster-roule-filme-915x61-5028486373161.html', 334),
(334, 'details_3.jpg', '6320efa5364384.97669688.jpg', 340),
(335, 'avds_small.jpg', '63217b11bfe5f7.55591692.jpg', 341);

-- --------------------------------------------------------

--
-- Structure de la table `occasion`
--

DROP TABLE IF EXISTS `occasion`;
CREATE TABLE IF NOT EXISTS `occasion` (
  `id_occasion` int(11) NOT NULL AUTO_INCREMENT,
  `nom_occasion` varchar(255) NOT NULL,
  `prenom_occasion` varchar(255) NOT NULL,
  `amail_occasion` varchar(255) NOT NULL,
  `cp_occasion` varchar(255) NOT NULL,
  `ville_occasion` varchar(255) NOT NULL,
  `cbp_occasion` varchar(255) NOT NULL,
  `ci_occasion` varchar(50) NOT NULL,
  `date_occasion` date NOT NULL,
  `id_utilisateurs` int(11) NOT NULL,
  PRIMARY KEY (`id_occasion`),
  KEY `occasion_utilisateurs0_FK` (`id_utilisateurs`)
) ENGINE=InnoDB AUTO_INCREMENT=5 DEFAULT CHARSET=utf8;

--
-- Déchargement des données de la table `occasion`
--

INSERT INTO `occasion` (`id_occasion`, `nom_occasion`, `prenom_occasion`, `amail_occasion`, `cp_occasion`, `ville_occasion`, `cbp_occasion`, `ci_occasion`, `date_occasion`, `id_utilisateurs`) VALUES
(2, 'Pirlet', 'Yanis', 'yanis.pirlet@gmail.com', '08000', 'Charleville Mézières', '2645003022968', '6320e6ff2667f4.15818462.jpg', '2022-09-13', 11),
(3, 'Pirlet', 'Yanis', 'yanis.pirlet@gmail.com', '08000', 'Charleville Mézières', '805059925', '6320e82395e398.75367312.jpg', '2022-09-16', 11),
(4, 'Pirlet', 'Yanis', 'yanis.pirlet@gmail.com', '08000', 'Charleville Mézières', '2645003022985', '6320e93bcf31b9.47146292.jpg', '2022-09-16', 11);

-- --------------------------------------------------------

--
-- Structure de la table `roles`
--

DROP TABLE IF EXISTS `roles`;
CREATE TABLE IF NOT EXISTS `roles` (
  `id_roles` int(11) NOT NULL AUTO_INCREMENT,
  `nom_roles` varchar(11) NOT NULL,
  PRIMARY KEY (`id_roles`)
) ENGINE=InnoDB AUTO_INCREMENT=3 DEFAULT CHARSET=utf8;

--
-- Déchargement des données de la table `roles`
--

INSERT INTO `roles` (`id_roles`, `nom_roles`) VALUES
(1, 'client'),
(2, 'admin');

-- --------------------------------------------------------

--
-- Structure de la table `sous_categories`
--

DROP TABLE IF EXISTS `sous_categories`;
CREATE TABLE IF NOT EXISTS `sous_categories` (
  `id_sous_categories` int(11) NOT NULL AUTO_INCREMENT,
  `nom_sous_categories` varchar(255) NOT NULL,
  PRIMARY KEY (`id_sous_categories`)
) ENGINE=InnoDB AUTO_INCREMENT=214 DEFAULT CHARSET=utf8;

--
-- Déchargement des données de la table `sous_categories`
--

INSERT INTO `sous_categories` (`id_sous_categories`, `nom_sous_categories`) VALUES
(1, 'AC/DC'),
(2, 'Albator'),
(3, 'Apex Legends'),
(4, 'Arctic Monkeys'),
(5, 'Ariana Grande'),
(6, 'Assassin\'s Creed'),
(7, 'Assassination Classroom'),
(8, 'Avatar, le dernier maître de l\'air'),
(9, 'Beetlejuice'),
(10, 'Berserk'),
(11, 'Billie Eilish'),
(12, 'Black Clover'),
(13, 'Boruto'),
(14, 'BT21'),
(15, 'BTS'),
(16, 'Cardcaptor Sakura'),
(17, 'Chi'),
(18, 'Crash Bandicoot'),
(19, 'Cthulhu'),
(20, 'David Bowie'),
(21, 'DC Comics'),
(22, 'Death Note'),
(23, 'Demon Slayer'),
(24, 'Detective Conan'),
(25, 'Diablo'),
(26, 'Doctor Who'),
(27, 'Donjons et Dragons'),
(28, 'Doom'),
(29, 'Dr.Stone'),
(30, 'Dragon Ball'),
(31, 'Dune'),
(32, 'E.T. l\'extra-terrestre'),
(33, 'Eminem'),
(34, 'Fairy Tail'),
(35, 'Fallout'),
(36, 'Five Nights at Freddy\'s'),
(37, 'Fortnite'),
(38, 'Friends'),
(39, 'Fullmetal Alchemist'),
(40, 'G2 Esports'),
(41, 'Goblin Slayer'),
(42, 'Great Teacher Onizuka'),
(43, 'Grendizer (Goldorak)'),
(44, 'Guns N Roses'),
(45, 'Harry Potter'),
(46, 'Hatsune Miku'),
(47, 'Hearthstone'),
(48, 'Hunter X Hunter'),
(49, 'Jojo\'s Bizarre Adventure'),
(50, 'Jujutsu Kaisen'),
(51, 'Junji Ito'),
(52, 'Jurassic Park'),
(53, 'Ki &amp; Hi'),
(54, 'L\'Attaque des Titans'),
(55, 'L\'Exorciste'),
(56, 'Lapins Crétins'),
(57, 'League of Legends'),
(58, 'Les Animaux Fantastiques'),
(59, 'Les Dents de la mer'),
(60, 'Le Seigneur des Anneaux'),
(61, 'Les Minions'),
(62, 'Les Noces Funèbres'),
(63, 'Looney Tunes'),
(64, 'Magic the Gathering'),
(65, 'Matrix'),
(66, 'Minecraft'),
(67, 'Moi, quand je me réincarne en Slime'),
(68, 'Mortal Kombat'),
(69, 'My Hero Academia'),
(70, 'Naruto'),
(71, 'Berserk'),
(72, 'Billie Eilish'),
(73, 'Black Clover'),
(74, 'Boruto'),
(75, 'BT21'),
(76, 'BTS'),
(77, 'Cardcaptor Sakura'),
(78, 'Chi'),
(79, 'Crash Bandicoot'),
(80, 'Cthulhu'),
(81, 'David Bowie'),
(82, 'DC Comics'),
(83, 'Death Note'),
(84, 'Demon Slayer'),
(85, 'Detective Conan'),
(86, 'Diablo'),
(87, 'Doctor Who'),
(88, 'Donjons et Dragons'),
(89, 'Doom'),
(90, 'Dr.Stone'),
(91, 'Dragon Ball'),
(92, 'Dune'),
(93, 'E.T. l\'extra-terrestre'),
(94, 'Eminem'),
(95, 'Fairy Tail'),
(96, 'Fallout'),
(97, 'Five Nights at Freddy\'s'),
(98, 'Fortnite'),
(99, 'Friends'),
(100, 'Fullmetal Alchemist'),
(101, 'G2 Esports'),
(102, 'Goblin Slayer'),
(103, 'Great Teacher Onizuka'),
(104, 'Grendizer (Goldorak)'),
(105, 'Guns N Roses'),
(106, 'Harry Potter'),
(107, 'Hatsune Miku'),
(108, 'Hearthstone'),
(109, 'Hunter X Hunter'),
(110, 'Jojo\'s Bizarre Adventure'),
(111, 'Jujutsu Kaisen'),
(112, 'Junji Ito'),
(113, 'Jurassic Park'),
(114, 'Ki &amp; Hi'),
(115, 'L\'Attaque des Titans'),
(116, 'L\'Exorciste'),
(117, 'Lapins Crétins'),
(118, 'League of Legends'),
(119, 'Les Animaux Fantastiques'),
(120, 'Les Dents de la mer'),
(121, 'Le Seigneur des Anneaux'),
(122, 'Les Minions'),
(123, 'Les Noces Funèbres'),
(124, 'Looney Tunes'),
(125, 'Magic the Gathering'),
(126, 'Matrix'),
(127, 'Minecraft'),
(128, 'Moi, quand je me réincarne en Slime'),
(129, 'Mortal Kombat'),
(130, 'My Hero Academia'),
(131, 'Naruto'),
(132, 'One Piece'),
(133, 'One Punch Man'),
(134, 'Overwatch'),
(135, 'Peaky Blinders'),
(136, 'Pink Floyd'),
(137, 'PlayStation'),
(138, 'Pokémon'),
(139, 'Queen'),
(140, 'Radiant'),
(141, 'Re:Zero'),
(142, 'Retour vers le Futur'),
(143, 'Rick et Morty'),
(144, 'Riverdale'),
(145, 'Sailor Moon'),
(146, 'Saint Seiya'),
(147, 'Skyrim'),
(148, 'Sonic'),
(149, 'Spice Girls'),
(150, 'Star Trek'),
(151, 'Sword Art Online'),
(152, 'The 1975'),
(153, 'The Beatles'),
(154, 'The Big Bang Theory'),
(155, 'The Cure'),
(156, 'The Last of Us'),
(157, 'The Promised Neverland'),
(158, 'The Rising of the Shield Hero'),
(159, 'The Rolling Stones'),
(160, 'The Seven Deadly Sins'),
(161, 'The Witcher'),
(162, 'Toilet-Bound Hanako-Kun'),
(163, 'Tokyo Ghoul'),
(164, 'Tupac'),
(165, 'Vendredi 13'),
(166, 'Vikings'),
(167, 'Warhammer'),
(168, 'World of Warcraft'),
(169, 'Yu-Gi-Oh!'),
(170, 'Yuri on Ice'),
(171, 'Yu Yu Hakusho'),
(172, 'Ça'),
(173, 'One Piece'),
(174, 'One Punch Man'),
(175, 'Overwatch'),
(176, 'Peaky Blinders'),
(177, 'Pink Floyd'),
(178, 'PlayStation'),
(179, 'Pokémon'),
(180, 'Queen'),
(181, 'Radiant'),
(182, 'Re:Zero'),
(183, 'Retour vers le Futur'),
(184, 'Rick et Morty'),
(185, 'Riverdale'),
(186, 'Sailor Moon'),
(187, 'Saint Seiya'),
(188, 'Skyrim'),
(189, 'Sonic'),
(190, 'Spice Girls'),
(191, 'Star Trek'),
(192, 'Sword Art Online'),
(193, 'The 1975'),
(194, 'The Beatles'),
(195, 'The Big Bang Theory'),
(196, 'The Cure'),
(197, 'The Last of Us'),
(198, 'The Promised Neverland'),
(199, 'The Rising of the Shield Hero'),
(200, 'The Rolling Stones'),
(201, 'The Seven Deadly Sins'),
(202, 'The Witcher'),
(203, 'Toilet-Bound Hanako-Kun'),
(204, 'Tokyo Ghoul'),
(205, 'Tupac'),
(206, 'Vendredi 13'),
(207, 'Vikings'),
(208, 'Warhammer'),
(209, 'World of Warcraft'),
(210, 'Yu-Gi-Oh!'),
(211, 'Yuri on Ice'),
(212, 'Yu Yu Hakusho'),
(213, 'Ça');

-- --------------------------------------------------------

--
-- Structure de la table `utilisateurs`
--

DROP TABLE IF EXISTS `utilisateurs`;
CREATE TABLE IF NOT EXISTS `utilisateurs` (
  `id_utilisateurs` int(11) NOT NULL AUTO_INCREMENT,
  `prenom_utilisateurs` varchar(255) NOT NULL,
  `nom_utilisateurs` varchar(255) NOT NULL,
  `password_utilisateurs` varchar(255) NOT NULL,
  `mail_utilisateurs` varchar(255) NOT NULL,
  `datenaissance_utilisateurs` date NOT NULL,
  `rue_utilisateurs` varchar(255) NOT NULL,
  `ville_utilisateurs` varchar(255) NOT NULL,
  `cp_utilisateurs` int(11) NOT NULL,
  `pays_utilisateurs` varchar(255) NOT NULL,
  `token_utilisateurs` varchar(255) NOT NULL,
  `token_mdp_utilisateurs` varchar(255) DEFAULT NULL,
  `activation_utilisateurs` int(2) NOT NULL,
  `id_roles` int(11) NOT NULL,
  PRIMARY KEY (`id_utilisateurs`),
  KEY `utilisateurs_roles_FK` (`id_roles`)
) ENGINE=InnoDB AUTO_INCREMENT=12 DEFAULT CHARSET=utf8;

--
-- Déchargement des données de la table `utilisateurs`
--

INSERT INTO `utilisateurs` (`id_utilisateurs`, `prenom_utilisateurs`, `nom_utilisateurs`, `password_utilisateurs`, `mail_utilisateurs`, `datenaissance_utilisateurs`, `rue_utilisateurs`, `ville_utilisateurs`, `cp_utilisateurs`, `pays_utilisateurs`, `token_utilisateurs`, `token_mdp_utilisateurs`, `activation_utilisateurs`, `id_roles`) VALUES
(2, 'Yanis', 'Pirlt', '$2y$10$0B2/3MOxOPARnV/ifRTJZOf1xtzsEvEu5EUVSS.sCykub1O4p5YzO', 'yanis.pirlet@gmail.com', '2001-01-01', '48 e rue bourbon', 'Charleville Mézières', 8000, 'france', '850a7b61e9170b30147501f210ea39e5c8605b4297de1db7f8353332333033323332326433303334326433323330323033313333336133333336336133353337', 'f0d422cd6f6e64dde56d5382ef9c5006ddd35af4c1c1d0d742063332333033323332326433303334326433323336323033313331336133343332336133333335', 0, 2),
(8, 'teddy', 'hemonet', '$2y$10$AdOyTjXX88BH.Jy3hzgFK.dzocD1MQhjbmoueiW16fxMuNBQFqX8i', 'teddy@hemonet.fr', '2022-04-15', 'czeczz ', 'Charleville Mézières', 8000, 'france', 'a9ab4062dc394916482b26d87ab742789dc1a382adf0b568ba743332333033323332326433303334326433323331323033313336336133323335336133333336', '', 0, 1),
(9, 'Yanis', 'Pirlet', '$2y$10$AdOyTjXX88BH.Jy3hzgFK.dzocD1MQhjbmoueiW16fxMuNBQFqX8i', 'yayap08@gmail.com', '2022-04-14', '48 e rue bourbon', 'Charleville Mézières', 8000, 'france', '13e19be7da30ca930e3c5e1c67c405704b306b19342f83ddb9143332333033323332326433303334326433323335323033303339336133343336336133343333', '', 0, 1),
(10, 'Yanis', 'Pirlet', '$2y$10$sELv8bRrA5p6nMs5.AMWpu/xThYPX20mSSEHrxhgayMcMZoxef3jS', 'testemail@gmail.com', '2022-08-11', '48 e rue bourbon', 'Charleville Mézières', 8000, 'france', '3488ad8aac58815744c6f63653172f886cc3a90078a420abdced3332333033323332326433303338326433333331323033313334336133313333336133303338', NULL, 0, 1),
(11, 'Yanis', 'Pirlet', '$2y$10$iTj.yRWQJROv.OhW.8inAOlIjbucRzuXYEf3Rt3u2mKtHE0DrgpW2', 'testins@gmail.com', '2022-09-16', '48 e rue bourbon', 'Charleville Mézières', 8000, 'france', '85bd43b7929842cdbe5c03c5a77235381686e510d19e1a498c053332333033323332326433303339326433303331323033313330336133333337336133353339', NULL, 1, 1);

--
-- Contraintes pour les tables déchargées
--

--
-- Contraintes pour la table `articles`
--
ALTER TABLE `articles`
  ADD CONSTRAINT `articles_categories_FK` FOREIGN KEY (`id_categories`) REFERENCES `categories` (`id_categories`),
  ADD CONSTRAINT `articles_genres0_FK` FOREIGN KEY (`id_genres`) REFERENCES `genres` (`id_genres`),
  ADD CONSTRAINT `articles_sous_categories1_FK` FOREIGN KEY (`id_sous_categories`) REFERENCES `sous_categories` (`id_sous_categories`);

--
-- Contraintes pour la table `occasion`
--
ALTER TABLE `occasion`
  ADD CONSTRAINT `occasion_utilisateurs0_FK` FOREIGN KEY (`id_utilisateurs`) REFERENCES `utilisateurs` (`id_utilisateurs`);
COMMIT;

/*!40101 SET CHARACTER_SET_CLIENT=@OLD_CHARACTER_SET_CLIENT */;
/*!40101 SET CHARACTER_SET_RESULTS=@OLD_CHARACTER_SET_RESULTS */;
/*!40101 SET COLLATION_CONNECTION=@OLD_COLLATION_CONNECTION */;
